Rank,Previous,ID,Assoc,Gender,Name,Points,Previous Points,WeekNum,MonthNum,YearNum
1,1,105649,CHN,M,MA Long,3275,3199,0,1,2016
2,2,121404,CHN,M,FAN Zhendong,3232,3168,0,1,2016
3,3,110267,CHN,M,XU Xin,3142,3108,0,1,2016
4,4,107028,GER,M,OVTCHAROV Dimitrij,2928,2938,0,1,2016
5,5,110553,CHN,M,ZHANG Jike,2914,2873,0,1,2016
6,6,106195,JPN,M,MIZUTANI Jun,2775,2811,0,1,2016
7,9,101820,TPE,M,CHUANG Chih-Yuan,2712,2706,0,1,2016
8,8,102841,POR,M,FREITAS Marcos,2695,2708,0,1,2016
9,10,111606,CHN,M,FANG Bo,2679,2679,0,1,2016
10,11,108246,BLR,M,SAMSONOV Vladimir,2627,2618,0,1,2016
11,12,112620,HKG,M,WONG Chun Ting,2611,2616,0,1,2016
12,13,104257,KOR,M,JEOUNG Youngsik,2609,2594,0,1,2016
13,14,110729,JPN,M,NIWA Koki,2557,2569,0,1,2016
14,15,104212,KOR,M,JOO Saehyuk,2548,2548,0,1,2016
15,17,113059,CHN,M,YAN An,2543,2543,0,1,2016
16,16,109253,HKG,M,TANG Peng,2510,2546,0,1,2016
17,18,105197,KOR,M,LEE Sangsu,2508,2486,0,1,2016
18,24,121752,JPN,M,OSHIMA Yuya,2494,2406,0,1,2016
19,19,102943,SGP,M,GAO Ning,2474,2474,0,1,2016
20,20,102891,CRO,M,GACINA Andrej,2472,2472,0,1,2016
21,21,117113,JPN,M,YOSHIMURA Maharu,2463,2463,0,1,2016
22,22,102697,AUT,M,FEGERL Stefan,2436,2436,0,1,2016
23,23,102968,AUT,M,GARDOS Robert,2433,2433,0,1,2016
24,26,103107,GRE,M,GIONIS Panagiotis,2419,2401,0,1,2016
25,25,114936,KOR,M,JANG Woojin,2408,2404,0,1,2016
26,29,105926,JPN,M,MATSUDAIRA Kenta,2381,2381,0,1,2016
27,26,100621,POR,M,APOLONIA Tiago,2377,2401,0,1,2016
28,28,112580,JPN,M,MORIZONO Masataka,2367,2391,0,1,2016
29,31,100696,EGY,M,ASSAR Omar,2358,2358,0,1,2016
30,32,103037,SWE,M,GERELL Par,2353,2353,0,1,2016
31,33,105339,QAT,M,LI ^ Ping,2350,2350,0,1,2016
32,34,112062,FRA,M,GAUZY Simon,2346,2346,0,1,2016
32,30,119588,CHN,M,LIANG Jingkun,2346,2366,0,1,2016
34,35,108581,RUS,M,SHIBAEV Alexander,2344,2344,0,1,2016
35,36,102761,GER,M,FILUS Ruwen,2330,2330,0,1,2016
36,38,104379,SWE,M,KARLSSON Kristian,2325,2325,0,1,2016
37,39,108958,GER,M,STEGER Bastian,2315,2315,0,1,2016
38,40,106296,POR,M,MONTEIRO Joao,2301,2301,0,1,2016
39,41,111791,KOR,M,KIM Minseok,2297,2297,0,1,2016
40,43,105937,FRA,M,MATTENET Adrien,2293,2293,0,1,2016
41,44,102832,GER,M,FRANZISKA Patrick,2287,2287,0,1,2016
42,45,104128,HKG,M,JIANG Tianyi,2285,2285,0,1,2016
43,41,113336,KOR,M,KIM Donghyun,2284,2297,0,1,2016
44,46,109581,BRA,M,TSUBOI Gustavo,2283,2283,0,1,2016
45,47,112074,SWE,M,FALCK Mattias,2278,2278,0,1,2016
46,48,100982,GER,M,BAUM Patrick,2271,2271,0,1,2016
47,37,115439,JPN,M,MURAMATSU Yuto,2270,2326,0,1,2016
48,49,110411,JPN,M,YOSHIDA Masaki,2263,2269,0,1,2016
48,50,112092,NGR,M,ARUNA Quadri,2263,2263,0,1,2016
50,51,105966,DEN,M,MAZE Michael,2262,2262,0,1,2016
51,52,113165,UKR,M,KOU Lei,2257,2257,0,1,2016
52,53,112735,SVK,M,WANG Yang,2256,2256,0,1,2016
53,57,101674,AUT,M,CHEN Weixing,2243,2243,0,1,2016
54,58,108604,JPN,M,SHIONO Masato,2239,2239,0,1,2016
55,59,105321,SGP,M,LI ^ Hu,2227,2227,0,1,2016
56,60,110410,JPN,M,YOSHIDA Kaii,2225,2225,0,1,2016
57,61,114247,CAN,M,WANG ^ Eugene,2223,2223,0,1,2016
58,56,106050,GER,M,MENGEL Steffen,2220,2250,0,1,2016
59,62,103202,POL,M,GORAK Daniel,2212,2212,0,1,2016
60,63,110002,POL,M,WANG Zengyi,2207,2207,0,1,2016
61,55,123690,HKG,M,HO Kwan Kit,2205,2251,0,1,2016
61,64,112442,ENG,M,PITCHFORD Liam,2205,2205,0,1,2016
63,65,103345,AUT,M,HABESOHN Daniel,2204,2204,0,1,2016
64,68,105609,SWE,M,LUNDQVIST Jens,2195,2195,0,1,2016
65,69,109459,SLO,M,TOKIC Bojan,2192,2192,0,1,2016
66,70,108742,RUS,M,SKACHKOV Kirill,2191,2191,0,1,2016
67,71,104314,IND,M,ACHANTA Sharath Kamal,2183,2183,0,1,2016
68,72,101979,ROU,M,CRISAN Adrian,2174,2174,0,1,2016
69,54,116853,SWE,M,KALLBERG Anton,2173,2255,0,1,2016
70,66,102380,ENG,M,DRINKHALL Paul,2172,2196,0,1,2016
70,73,109865,RUS,M,VLASOV Grigory,2172,2172,0,1,2016
70,66,101747,KOR,M,CHO Eonrae,2172,2196,0,1,2016
73,75,112409,DEN,M,GROTH Jonathan,2166,2166,0,1,2016
74,76,105136,FRA,M,LEBESSON Emmanuel,2162,2162,0,1,2016
75,77,101711,TPE,M,CHIANG Hung-Chieh,2160,2160,0,1,2016
76,78,105497,RUS,M,LIVENTSOV Alexey,2159,2159,0,1,2016
77,74,115641,BRA,M,CALDERANO Hugo,2154,2170,0,1,2016
78,79,116658,TUR,M,LI ^ Ahmet,2149,2149,0,1,2016
79,80,107578,CZE,M,PROKOPCOV Dmitrij,2143,2143,0,1,2016
80,81,109234,CRO,M,TAN Ruiwu,2141,2141,0,1,2016
81,82,104359,SRB,M,KARAKASEVIC Aleksandar,2137,2137,0,1,2016
82,83,107312,SWE,M,PERSSON Jon,2129,2129,0,1,2016
83,84,107196,HUN,M,PATTANTYUS Adam,2126,2126,0,1,2016
83,89,115396,POR,M,GERALDO Joao,2126,2100,0,1,2016
85,85,112445,FRA,M,BROSSIER Benjamin,2110,2113,0,1,2016
86,88,109188,JPN,M,TAKAKIWA Taku,2105,2105,0,1,2016
87,115,123729,DEN,M,ZHAI ^^ Yujia,2100,2002,0,1,2016
88,90,103518,ESP,M,HE Zhiwen,2098,2098,0,1,2016
88,90,111033,JPN,M,MATSUDAIRA Kenji,2098,2098,0,1,2016
90,92,104795,CZE,M,KONECNY Tomas,2097,2097,0,1,2016
90,92,101192,ITA,M,BOBOCICA Mihai,2097,2097,0,1,2016
92,94,104892,GRE,M,KREANGA Kalinikos,2096,2096,0,1,2016
93,87,113685,FRA,M,OUAICHE Stephane,2089,2107,0,1,2016
94,95,109946,GER,M,WALTHER Ricardo,2088,2088,0,1,2016
94,95,103070,IND,M,GHOSH Soumyajit,2088,2088,0,1,2016
96,97,102537,FRA,M,ELOI Damien,2080,2080,0,1,2016
97,98,113931,POL,M,DYJAS Jakub,2078,2078,0,1,2016
98,99,104675,JPN,M,KISHIKAWA Seiya,2070,2070,0,1,2016
98,99,104036,CZE,M,JANCARIK Lubomir,2070,2070,0,1,2016
100,102,120313,JPN,M,SAMBE Kohei,2049,2053,0,1,2016
101,103,103903,ROU,M,IONESCU Ovidiu,2048,2048,0,1,2016
102,104,112446,FRA,M,HACHARD Antoine,2047,2047,0,1,2016
103,105,108780,RUS,M,SMIRNOV Alexey,2040,2040,0,1,2016
104,106,114355,FRA,M,FLORE Tristan,2038,2038,0,1,2016
105,107,103756,TPE,M,HUANG Sheng-Sheng,2030,2030,0,1,2016
106,108,107071,RUS,M,PAIKOV Mikhail,2029,2029,0,1,2016
107,109,107567,CRO,M,PRIMORAC Zoran,2025,2025,0,1,2016
108,110,107445,SVK,M,PISTEJ Lubomir,2024,2024,0,1,2016
109,113,106814,BEL,M,NUYTINCK Cedric,2003,2003,0,1,2016
109,113,101809,BLR,M,CHTCHETININE Evgueni,2003,2003,0,1,2016
111,116,103598,GER,M,HIELSCHER Lars,2001,2001,0,1,2016
112,117,109002,ITA,M,STOYANOV Niagol,1998,1998,0,1,2016
113,118,104009,HUN,M,JAKAB Janos,1997,1997,0,1,2016
113,111,116818,KOR,M,KIM Minhyeok,1997,2017,0,1,2016
115,0,121408,CHN,M,LIU Dingshuo,1995,1909,0,1,2016
116,112,112035,IRI,M,ALAMIAN Nima,1992,2004,0,1,2016
116,119,108204,FRA,M,SALIFOU Abdel-Kader,1992,1992,0,1,2016
118,120,105082,EGY,M,LASHIN El-Sayed,1989,1989,0,1,2016
119,121,105032,RUS,M,LAKEEV Vasily,1985,1985,0,1,2016
120,122,112436,FRA,M,ROBINOT Quentin,1984,1984,0,1,2016
121,124,105666,ESP,M,MACHADO Carlos,1977,1977,0,1,2016
122,125,110602,UKR,M,ZHMUDENKO Yaroslav,1976,1976,0,1,2016
123,126,106298,BRA,M,MONTEIRO Thiago,1973,1973,0,1,2016
124,127,103614,JPN,M,KASAHARA Hiromitsu,1970,1970,0,1,2016
124,127,105928,BRA,M,MATSUMOTO Cazuo,1970,1970,0,1,2016
126,129,104827,HUN,M,KOSIBA Daniel,1968,1968,0,1,2016
127,123,110673,IRI,M,ALAMIYAN Noshad,1965,1981,0,1,2016
127,130,102418,ESP,M,DURAN Marc,1965,1965,0,1,2016
129,131,107456,BLR,M,PLATONOV Pavel,1963,1963,0,1,2016
130,133,116620,GER,M,DUDA Benedikt,1958,1958,0,1,2016
131,134,105222,FRA,M,LEGOUT Christophe,1953,1953,0,1,2016
132,135,115927,PRK,M,PAK Sin Hyok,1951,1951,0,1,2016
133,132,117336,JPN,M,JIN Takuya,1949,1961,0,1,2016
133,136,107324,SRB,M,PETO Zsolt,1949,1949,0,1,2016
135,137,119806,SGP,M,WU ^^ Zhikang,1940,1940,0,1,2016
136,138,104774,CRO,M,KOLAREK Tomislav,1939,1939,0,1,2016
137,139,101851,ROU,M,CIOTI Constantin,1937,1937,0,1,2016
138,140,107138,GRE,M,PAPAGEORGIOU Konstantinos,1932,1932,0,1,2016
139,141,111050,ESP,M,ROBLES Alvaro,1927,1927,0,1,2016
140,142,104115,SRB,M,JEVTOVIC Marko,1926,1926,0,1,2016
140,142,108480,SVK,M,SEREDA Peter,1926,1926,0,1,2016
142,167,119284,KOR,M,CHO Seungmin,1925,1876,0,1,2016
143,144,119565,TPE,M,LIAO Cheng-Ting,1924,1924,0,1,2016
144,145,120850,JPN,M,OIKAWA Mizuki,1923,1923,0,1,2016
145,147,102242,UKR,M,DIDUKH Oleksandr,1919,1919,0,1,2016
146,148,113689,FRA,M,ROBINOT Alexandre,1915,1915,0,1,2016
147,0,121558,CHN,M,WANG Chuqin,1913,1729,0,1,2016
148,149,104813,CZE,M,KORBEL Petr,1911,1911,0,1,2016
149,146,110726,FIN,M,OLAH Benedek,1910,1920,0,1,2016
150,150,109140,ROU,M,SZOCS Hunor,1909,1909,0,1,2016
151,151,111020,FRA,M,LORENTZ Romain,1908,1908,0,1,2016
152,152,117800,PRK,M,KANG Wi Hun,1907,1907,0,1,2016
152,0,121412,CHN,M,XUE Fei,1907,1842,0,1,2016
152,152,113243,CZE,M,SIRUCEK Pavel,1907,1907,0,1,2016
152,152,100817,ENG,M,BAGGALEY Andrew,1907,1907,0,1,2016
156,155,100439,EGY,M,SALEH Ahmed,1906,1906,0,1,2016
156,155,111641,IND,M,DESAI Harmeet,1906,1906,0,1,2016
158,157,104829,POL,M,KOSOWSKI Jakub,1904,1904,0,1,2016
159,158,114123,TPE,M,LEE Chia-Sheng,1897,1897,0,1,2016
160,160,119794,JPN,M,KIZUKURI Yuto,1895,1895,0,1,2016
161,161,120683,SVK,M,BAI ^ He,1894,1894,0,1,2016
162,162,110330,SGP,M,YANG Zi,1893,1893,0,1,2016
163,163,109499,NGR,M,TORIOLA Segun,1889,1889,0,1,2016
164,164,108170,BEL,M,SAIVE Jean-Michel,1887,1887,0,1,2016
165,165,114718,ENG,M,WALKER Samuel,1880,1880,0,1,2016
166,166,104983,RUS,M,KUZMIN Fedor,1877,1877,0,1,2016
167,168,119600,JPN,M,OGATA Ryotaro,1875,1875,0,1,2016
168,169,115928,PRK,M,CHOE Il,1872,1872,0,1,2016
169,171,108976,DEN,M,STERNBERG Kasper,1868,1868,0,1,2016
170,172,103126,IND,M,GNANASEKARAN Sathiyan,1867,1867,0,1,2016
171,173,112417,POL,M,FLORAS Robert,1865,1865,0,1,2016
172,170,114410,SWE,M,RANEFUR Elias,1862,1870,0,1,2016
173,175,102757,ROU,M,FILIMON Andrei,1857,1857,0,1,2016
174,176,109904,CZE,M,VRABLIK Jiri,1856,1856,0,1,2016
174,176,118788,SGP,M,CHEN ^ Feng,1856,1856,0,1,2016
176,178,113317,BEL,M,DEVOS Robin,1855,1855,0,1,2016
177,174,120851,JPN,M,TSUBOI Yuma,1846,1862,0,1,2016
178,180,112434,CGO,M,WANG ^ Jianan,1840,1840,0,1,2016
179,181,104394,JPN,M,KARUBE Ryusuke,1839,1839,0,1,2016
180,182,114106,CHN,M,CHENG Jingqi,1838,1838,0,1,2016
181,185,104462,SVK,M,KEINATH Thomas,1833,1833,0,1,2016
182,187,109546,CZE,M,TREGLER Tomas,1831,1831,0,1,2016
183,188,119873,TPE,M,SUN Chia-Hung,1828,1828,0,1,2016
183,184,117003,FRA,M,CASSIN Alexandre,1828,1834,0,1,2016
185,189,113126,PRK,M,RI Kwang Won,1826,1826,0,1,2016
186,190,104423,UKR,M,KATKOV Ivan,1825,1825,0,1,2016
187,191,112738,SWE,M,ANDERSSON Harald,1824,1824,0,1,2016
188,192,102486,EGY,M,EL-BEIALI Mohamed,1823,1823,0,1,2016
188,183,116532,CRO,M,PUCAR Tomislav,1823,1835,0,1,2016
188,204,119744,CHN,M,ZHU Cheng,1823,1779,0,1,2016
191,193,105679,MEX,M,MADRID Marcos,1822,1822,0,1,2016
192,185,116680,CRO,M,ZELJKO Filip,1817,1833,0,1,2016
193,194,101400,RUS,M,BUROV Viacheslav,1813,1813,0,1,2016
194,196,115546,HKG,M,LAM Siu Hang,1809,1809,0,1,2016
195,212,121514,KOR,M,AN Jaehyun,1803,1769,0,1,2016
196,199,112075,SWE,M,SODERLUND Hampus,1795,1803,0,1,2016
197,202,101480,ESP,M,CANTERO Jesus,1793,1793,0,1,2016
198,200,119566,TPE,M,YANG Heng-Wei,1786,1798,0,1,2016
199,203,107026,SWE,M,OVERSJO Mattias,1783,1783,0,1,2016
200,205,106777,SWE,M,NORDBERG Hampus,1777,1777,0,1,2016
0,0,131987,POL,M,WISNIEWSKI Karol,200,200,0,1,2016
0,0,112874,MGL,M,BOLDBAATAR Baatarsuren,200,200,0,1,2016
0,0,122776,TTO,M,"O'YOUNG Luc",200,200,0,1,2016
201,206,110888,SWE,M,ARVIDSSON Simon,1776,1776,0,1,2016
201,201,116612,FRA,M,AKKUZU Can,1776,1796,0,1,2016
0,0,119569,ARM,M,SIMONYAN Sergey,202,202,0,1,2016
203,209,100217,SWE,M,AKERSTROM Fabian,1775,1775,0,1,2016
203,209,107772,ENG,M,REED Daniel,1775,1775,0,1,2016
205,210,114709,BEL,M,LAMBIET Florent,1772,1772,0,1,2016
206,218,118927,SLO,M,JORGIC Darko,1771,1752,0,1,2016
206,211,106151,ECU,M,MINO Alberto,1771,1771,0,1,2016
0,0,119172,FIN,M,RISSANEN Patrik,206,206,0,1,2016
0,0,123928,POL,M,LIS Daniel,207,207,0,1,2016
208,212,100001,IND,M,ANTHONY Amalraj,1769,1769,0,1,2016
0,0,120943,THA,M,JIRAVIPAPAN Yodsapat,208,208,0,1,2016
0,0,131726,ESP,M,PELACHS Marti,208,208,0,1,2016
209,214,111216,ITA,M,MUTTI Leonardo,1767,1767,0,1,2016
210,215,112338,FRA,M,PETIOT Jeremy,1764,1764,0,1,2016
211,216,113679,FRA,M,BOULOUSSA Mehdi,1763,1763,0,1,2016
212,217,121588,TPE,M,YANG Tzu-Yi,1754,1754,0,1,2016
0,0,124570,TPE,M,TUNG Kuan-I,212,212,0,1,2016
213,219,113395,SGP,M,CHEW Zhe Yu Clarence,1751,1751,0,1,2016
0,0,117255,LTU,M,FRANCKAITIS Romualdas,213,213,0,1,2016
214,222,107762,ITA,M,RECH DALDOSSO Marco,1743,1743,0,1,2016
0,0,120944,THA,M,NGAMPRASERT Natchanon,214,214,0,1,2016
0,0,132293,ISR,M,KARMAZIN Yaniv,214,214,0,1,2016
215,223,123980,JPN,M,HARIMOTO Tomokazu,1741,1741,0,1,2016
216,224,113676,FRA,M,ANGLES Enzo,1740,1740,0,1,2016
217,219,117890,KAZ,M,GERASSIMENKO Kirill,1739,1751,0,1,2016
217,225,113329,HUN,M,LAKATOS Tamas,1739,1739,0,1,2016
219,221,106784,IRI,M,NOROOZI Afshin,1738,1748,0,1,2016
220,227,111208,CGO,M,HU ^ Bin,1736,1736,0,1,2016
0,0,131179,DEN,M,PEDERSEN Sune,220,220,0,1,2016
0,0,131195,FIN,M,MORADABBASI ^ Pedram,220,220,0,1,2016
221,228,115438,POL,M,KULPA Konrad,1728,1728,0,1,2016
0,0,120812,PER,M,ROTSTAIN Alexander,221,221,0,1,2016
222,229,112073,SWE,M,BRODD Viktor,1720,1720,0,1,2016
0,0,118945,QAT,M,AL-MALKI Nawaf,222,222,0,1,2016
223,283,120066,GER,M,KLEIN Dennis,1719,1564,0,1,2016
223,235,131983,HKG,M,NG Pak Nam,1719,1704,0,1,2016
225,230,104760,CRO,M,KOJIC Frane,1718,1718,0,1,2016
0,0,131990,POL,M,SOKOLOWSKI Lukasz,225,225,0,1,2016
226,226,112076,SWE,M,TORNKVIST Andreas,1715,1737,0,1,2016
227,231,100829,RUS,M,BAIBULDIN Andrei,1712,1712,0,1,2016
228,232,114734,BIH,M,DURANSPAHIC Admir,1711,1711,0,1,2016
0,0,121398,PUR,M,VARGAS Ivan,228,228,0,1,2016
0,0,120765,LUX,M,THILLEN Eric,228,228,0,1,2016
229,233,113251,BUL,M,FLORITZ ^^ Philipp,1710,1710,0,1,2016
230,245,115000,PUR,M,AFANADOR Brian,1701,1675,0,1,2016
231,234,114356,POR,M,CHEN Diogo,1700,1708,0,1,2016
232,236,115561,KOR,M,PARK Jeongwoo,1698,1698,0,1,2016
0,0,122151,TUN,M,BEN ATTIA Youssef,232,232,0,1,2016
0,0,124435,NOR,M,BERNER Sondre,232,232,0,1,2016
233,237,111115,PAR,M,AGUIRRE Marcelo,1695,1695,0,1,2016
234,239,101781,POL,M,CHOJNOWSKI Patryk,1692,1692,0,1,2016
235,269,121042,ROU,M,PLETEA Cristian,1691,1591,0,1,2016
0,1003,123185,BUL,M,VATOV Konstantin,235,235,0,1,2016
0,1003,117726,USA,M,PICCIOTTO Daniel,235,235,0,1,2016
0,0,132062,EGY,M,FAROUK Mazen,235,235,0,1,2016
236,241,100079,NGR,M,ABIODUN Bode,1689,1689,0,1,2016
0,0,123413,ESP,M,IGLESIAS Anxo,236,236,0,1,2016
237,238,118889,RUS,M,ISMAILOV Sadi,1686,1694,0,1,2016
238,242,113419,BRA,M,JOUTI Eric,1685,1685,0,1,2016
239,243,100486,ARG,M,ALTO Gaston,1681,1681,0,1,2016
240,246,109538,VIE,M,TRAN Tuan Quynh,1674,1674,0,1,2016
241,243,104087,BEL,M,JEAN Lauric,1673,1681,0,1,2016
242,287,114860,HUN,M,MAJOROS Bence,1672,1539,0,1,2016
243,239,114838,POL,M,ZATOWKA Patryk,1658,1692,0,1,2016
244,250,103346,AUT,M,HABESOHN Dominik,1655,1655,0,1,2016
244,248,110615,SLO,M,ZIBRAT Jan,1655,1661,0,1,2016
0,0,121029,POL,M,JEDRZEJCZAK Jakub,245,245,0,1,2016
246,251,106948,ISR,M,BEN ARI Omri,1650,1650,0,1,2016
246,249,103604,DEN,M,HINDERSSON Mikkel,1650,1656,0,1,2016
248,256,115048,RUS,M,CHERNOV Konstantin,1645,1634,0,1,2016
0,0,124411,MEX,M,GASTELUM Pablo,248,248,0,1,2016
249,253,109146,POL,M,SZYMANSKI Filip,1644,1644,0,1,2016
0,0,122122,WAL,M,EVANS Callum,249,249,0,1,2016
250,289,116798,CZE,M,POLANSKY Tomas,1643,1537,0,1,2016
251,255,112077,SWE,M,TRAN Anthony,1638,1638,0,1,2016
252,252,115866,THA,M,TANVIRIYAVECHAKUL Padasak,1635,1647,0,1,2016
253,254,116845,SWE,M,AHLANDER-J Carl,1632,1640,0,1,2016
253,257,111959,EGY,M,ASSAR Khalid,1632,1632,0,1,2016
255,260,109151,ARG,M,TABACHNIK Pablo,1623,1623,0,1,2016
0,0,120637,EGY,M,DENDAN Abdelrahman,255,255,0,1,2016
256,259,114960,CZE,M,REITSPIES David,1616,1624,0,1,2016
257,261,114717,HUN,M,SZUDI Adam,1606,1618,0,1,2016
258,263,107641,ISR,M,RABINOVICH Shimon,1605,1605,0,1,2016
259,262,103159,BUL,M,GOLOVANOV Stanislav,1604,1610,0,1,2016
260,265,100210,NGR,M,AJETUNMOBI Seun,1602,1602,0,1,2016
261,267,108574,IND,M,SHETTY Sanil,1601,1601,0,1,2016
0,0,131447,POL,M,TATARCZUCH Rafal,261,261,0,1,2016
0,0,123924,POL,M,WALASZEK Przemyslaw,261,261,0,1,2016
262,268,131938,JPN,M,OZAWA Yoshihiro,1593,1593,0,1,2016
263,273,103184,PHI,M,GONZALES Richard,1587,1587,0,1,2016
264,276,107606,UKR,M,PYSAR Dmytro,1585,1585,0,1,2016
265,270,114848,BEL,M,ALLEGRO Martin,1582,1590,0,1,2016
265,270,114716,HUN,M,ECSEKI Nandor,1582,1590,0,1,2016
267,278,114281,USA,M,WANG Timothy,1581,1581,0,1,2016
267,272,118882,DEN,M,NIELSEN Claus,1581,1589,0,1,2016
269,279,107344,RUS,M,PETRUKHIN Evgeny,1578,1578,0,1,2016
270,281,117312,BRA,M,ISHIY Vitor,1576,1576,0,1,2016
0,0,115977,USA,M,CHU Anthony,270,270,0,1,2016
271,282,107996,NOR,M,RONNEBERG Espen,1572,1572,0,1,2016
272,273,114715,GER,M,QIU Dang,1571,1587,0,1,2016
272,280,111512,PUR,M,GONZALEZ Daniel,1571,1577,0,1,2016
0,0,131431,DEN,M,LARSEN Mathias,273,273,0,1,2016
0,0,131422,POL,M,WEDERLICH Damian,273,273,0,1,2016
0,0,124122,GEO,M,PAVLIASHVILI Levan,273,273,0,1,2016
274,283,111286,AUS,M,POWELL David,1564,1564,0,1,2016
275,285,109388,CAN,M,THERIAULT Pierre-Luc,1559,1559,0,1,2016
276,286,106913,CHI,M,OLIVARES Felipe,1556,1556,0,1,2016
0,0,124147,UKR,M,LIMONOV Anton,276,276,0,1,2016
277,0,121565,KOR,M,HWANG Minha,1553,1536,0,1,2016
278,287,107585,MON,M,PROVOST ^^ Damien,1539,1539,0,1,2016
279,291,119260,SUI,M,SCHMID Elia,1535,1535,0,1,2016
0,0,116721,EGY,M,YASSER Ziad,279,279,0,1,2016
280,289,112372,RUS,M,GADIEV Vildan,1531,1537,0,1,2016
0,0,124166,THA,M,CHANPEN Chetthanathip,280,280,0,1,2016
281,296,119603,TPE,M,HUANG Chien-Tu,1519,1519,0,1,2016
282,297,113926,LTU,M,MIKUTIS Tomas,1518,1518,0,1,2016
0,0,123196,GRE,M,KORDOUTIS Dimitris,282,282,0,1,2016
283,298,109092,CGO,M,SAKA Suraju,1514,1514,0,1,2016
283,298,114457,CGO,M,IDOWU Saheed,1514,1514,0,1,2016
285,296,120848,RUS,M,GUSEV Arseniy,1513,1519,0,1,2016
286,300,105293,UKR,M,LIEVSHYN Vitaliy,1512,1512,0,1,2016
287,301,102118,NED,M,DE BOER Michel,1507,1507,0,1,2016
288,302,113917,CZE,M,BAJGER Ondrej,1505,1505,0,1,2016
0,0,132033,EGY,M,SHALABY Bigad,288,288,0,1,2016
289,303,100302,KSA,M,AL-JADAI Naif,1504,1504,0,1,2016
290,306,113916,AUT,M,PFEFFER Simon,1499,1499,0,1,2016
291,307,105801,BRA,M,MANHANI Humberto,1498,1498,0,1,2016
292,308,103093,ARG,M,GILABERT Rodrigo,1497,1497,0,1,2016
293,309,122777,JPN,M,UDA Yukiya,1495,1495,0,1,2016
294,305,119316,ARG,M,CIFUENTES Horacio,1493,1501,0,1,2016
295,310,102272,VIE,M,DINH Quang Linh,1492,1492,0,1,2016
296,311,120300,AUT,M,SERDAROGLU David,1491,1491,0,1,2016
297,312,112040,INA,M,SANTOSO Ficky,1488,1488,0,1,2016
0,0,122185,EGY,M,ISSAM ^ Mostafa,297,297,0,1,2016
298,335,116021,USA,M,JHA Kanak,1482,1439,0,1,2016
299,314,102890,BUL,M,GABROVSKI Petko,1480,1480,0,1,2016
0,983,121502,ESA,M,MARTINEZ Job,299,299,0,1,2016
300,313,118134,BRA,M,KOHATSU Massao,1477,1485,0,1,2016
301,322,114973,BLR,M,KHANIN Aliaksandr,1476,1467,0,1,2016
302,315,120983,JPN,M,IZUMO Takuto,1473,1473,0,1,2016
302,315,103842,MAS,M,IBRAHIM Muhd Shakirin,1473,1473,0,1,2016
0,0,124552,SVK,M,JAKUBEC David,303,303,0,1,2016
304,317,116162,TPE,M,WANG LI Chung-Yi,1472,1472,0,1,2016
305,318,114856,FRA,M,LANDRIEU Andrea,1470,1470,0,1,2016
306,319,113974,FRA,M,GAUZY Paul,1469,1469,0,1,2016
306,319,114928,GER,M,QIU Liang,1469,1469,0,1,2016
308,324,100234,KSA,M,AL-ABBAD Abdulaziz,1466,1466,0,1,2016
0,0,132026,NGR,M,OMEH Amadi,308,308,0,1,2016
0,0,122097,LUX,M,HOFFMANN Tom,308,308,0,1,2016
309,325,115019,SVK,M,NOVOTA Samuel,1465,1465,0,1,2016
0,0,121872,SVK,M,BUCKO Patrik,309,309,0,1,2016
310,326,112452,CRO,M,FUCEC Luka,1462,1462,0,1,2016
311,327,110241,LUX,M,XIA ^ Cheng,1457,1457,0,1,2016
0,0,116720,EGY,M,YAHYA Mohamed,311,311,0,1,2016
312,328,114995,POL,M,BIALEK Artur,1455,1455,0,1,2016
313,330,106049,TUR,M,MENGE Gencay,1452,1452,0,1,2016
0,0,122841,TUR,M,GENCER Sadettin,313,313,0,1,2016
314,332,114063,NED,M,OOSTWOUDER Ewout,1448,1448,0,1,2016
315,333,101566,THA,M,CHAITAT Chaisit,1447,1447,0,1,2016
316,342,118851,SLO,M,KOZUL Deni,1445,1426,0,1,2016
317,331,114005,BUL,M,KRASTEV Petyo,1444,1450,0,1,2016
0,0,118943,QAT,M,AL-ABDULLA Abdulaziz,317,317,0,1,2016
318,334,106053,BEL,M,MERCHEZ Cedric,1443,1443,0,1,2016
318,321,115449,AUT,M,LEVENKO Andreas,1443,1468,0,1,2016
0,0,120942,THA,M,PANKHAOYOY Supakron,318,318,0,1,2016
320,337,114868,NED,M,GOMMERS Rajko,1438,1438,0,1,2016
0,0,124146,UKR,M,BROIAKOVSKYI Vsevolod,320,320,0,1,2016
321,338,111219,LTU,M,UDRA Alfredas,1436,1436,0,1,2016
322,337,115828,SUI,M,WEBER Lionel,1432,1438,0,1,2016
0,0,124141,NED,M,SCHULTZ Nolan,322,322,0,1,2016
323,339,109691,EST,M,VAINULA Vallot,1430,1430,0,1,2016
324,340,115392,NED,M,TROMER Laurens,1429,1429,0,1,2016
324,340,113478,NGR,M,ONAOLAPO Ojo,1429,1429,0,1,2016
0,0,132376,SWE,M,GOTHERSTROM Richard,324,324,0,1,2016
326,343,113332,HUN,M,SZITA Marton,1425,1425,0,1,2016
0,977,119651,ESA,M,VILLALTA Oscar,326,326,0,1,2016
327,346,112361,ISR,M,TAUBER Michael,1422,1422,0,1,2016
327,346,112261,UZB,M,KENJAEV Zokhid,1422,1422,0,1,2016
0,976,124416,PUR,M,SANTANA Ricardo,327,327,0,1,2016
0,0,120936,THA,M,ARANTHANAWONG Vachirawich,328,328,0,1,2016
0,0,124143,SCO,M,MORRISON Calum,328,328,0,1,2016
329,347,117512,VIE,M,LE Tien Dat,1420,1420,0,1,2016
0,0,124004,NGR,M,OBAYOMI Michael,329,329,0,1,2016
330,349,119850,KOR,M,KIM Daewoo,1419,1419,0,1,2016
331,350,112284,ENG,M,MCBEATH David,1418,1418,0,1,2016
0,973,119620,GUA,M,MORALES Diego,331,331,0,1,2016
332,347,119877,TPE,M,PENG Wang-Wei,1408,1420,0,1,2016
333,362,120168,TUR,M,GUNDUZ Ibrahim,1405,1384,0,1,2016
334,353,111669,SGP,M,PANG Xue Jie,1403,1403,0,1,2016
0,970,120945,THA,M,CHAOPANYA Tinnapat,334,334,0,1,2016
335,351,116641,FRA,M,RUIZ Romain,1401,1417,0,1,2016
335,354,110187,THA,M,WONGSIRI Nikom,1401,1401,0,1,2016
0,0,122496,PUR,M,TORRES Yadiel,335,335,0,1,2016
337,356,112063,GER,M,BOTTROFF Erik,1397,1397,0,1,2016
338,357,102100,ISR,M,DAVIDOVITZ Ron,1395,1395,0,1,2016
339,355,118671,DEN,M,RASMUSSEN Tobias,1390,1398,0,1,2016
339,358,104903,HUN,M,KRISTON Daniel,1390,1390,0,1,2016
341,352,108779,EST,M,SMIRNOV Aleksandr,1388,1408,0,1,2016
341,360,107457,AUT,M,PLATTNER Dominique,1388,1388,0,1,2016
0,968,131858,ECU,M,ESCOBAR Bryan,341,341,0,1,2016
343,361,115142,PER,M,RODRIGUEZ Diego,1386,1386,0,1,2016
0,0,123588,POL,M,URBANOWICZ Kamil,343,343,0,1,2016
344,363,104062,BEL,M,JANSSENS Tim,1383,1383,0,1,2016
0,0,120222,CRO,M,MURAT Matej,344,344,0,1,2016
0,0,120283,SVK,M,SEVEC Jakub,344,344,0,1,2016
345,364,117350,IND,M,GROVER Sudhanshu,1380,1380,0,1,2016
346,391,118716,SWE,M,MOREGARD Malte,1377,1314,0,1,2016
346,365,104528,ALG,M,KHOURTA Idir,1377,1377,0,1,2016
348,0,117002,FRA,M,SEYFRIED Joe,1370,1342,0,1,2016
349,367,101015,MGL,M,YADMAA Begz,1368,1368,0,1,2016
350,368,116424,CHI,M,LAMADRID Juan,1364,1364,0,1,2016
351,369,101276,ALG,M,BOUDJADJA Mohamed Sofiene,1363,1363,0,1,2016
352,393,119092,FRA,M,BERTRAND Irvin,1361,1306,0,1,2016
353,370,113915,AUT,M,LEITGEB Stefan,1360,1360,0,1,2016
354,371,104734,SVK,M,KOBES Kristian,1358,1358,0,1,2016
0,0,132035,EGY,M,NADER Marwan,354,354,0,1,2016
355,373,110525,LTU,M,ZEIMYS Kestutis,1353,1353,0,1,2016
356,374,120947,THA,M,WISUTMAYTHANGKOON Supanut,1352,1352,0,1,2016
0,0,132010,USA,M,PLOG Jason,356,356,0,1,2016
357,366,121878,GER,M,ENGEMANN Gerrit,1346,1371,0,1,2016
0,965,119598,HKG,M,WONG Kin Sing,357,357,0,1,2016
358,377,109858,FRA,M,VITTA Kilomo,1345,1345,0,1,2016
359,380,109661,MEX,M,URIBE Salvador,1335,1335,0,1,2016
360,381,114865,ITA,M,BACIOCCHI Alessandro,1333,1333,0,1,2016
0,0,124361,USA,M,BURNSIDE ^^ Richard,360,360,0,1,2016
361,382,101847,LUX,M,CIOCIU Traian,1331,1331,0,1,2016
362,384,101407,USA,M,BUTLER Jimmy,1329,1329,0,1,2016
362,384,113433,CHI,M,MOYA Manuel,1329,1329,0,1,2016
362,379,115100,SVK,M,VALUCH Alexander,1329,1337,0,1,2016
362,384,103621,TUN,M,HMAM Adam,1329,1329,0,1,2016
0,0,124144,SLO,M,FRELIH Aljaz,364,364,0,1,2016
366,386,104393,LAT,M,KARTUZOVS Olegs,1323,1323,0,1,2016
367,387,112039,INA,M,MAULANA Gilang,1321,1321,0,1,2016
368,389,122388,JPN,M,KANAMITSU Koyo,1316,1316,0,1,2016
369,390,100154,TOG,M,AGBETOGLO Mawussi,1315,1315,0,1,2016
370,392,120040,SUI,M,CHAMPOD Nicolas,1303,1307,0,1,2016
371,395,113928,POL,M,BANKOSZ Michal,1302,1302,0,1,2016
371,395,113914,AUT,M,CHEN Alexander,1302,1302,0,1,2016
0,0,122620,EGY,M,ELDAMSHARY Hady,371,371,0,1,2016
0,0,122643,IRL,M,GILLEN Alexander,372,372,0,1,2016
373,398,119927,IRI,M,LOTFIJANABADI Miad,1300,1300,0,1,2016
373,398,100939,BRA,M,BARRETO Israel,1300,1300,0,1,2016
375,397,112952,BUL,M,ALEXANDROV Teodor,1299,1301,0,1,2016
376,400,137380,QAT,M,AL-MOHANNADI Ahmad Khalil,1297,1297,0,1,2016
0,956,121677,BUL,M,BEKIR Denis,376,376,0,1,2016
377,401,132302,CHN,M,YANG Shuo,1296,1296,0,1,2016
378,510,120224,ROU,M,SIPOS Rares,1295,1108,0,1,2016
378,402,111683,CHI,M,GOMEZ Gustavo,1295,1295,0,1,2016
0,0,122015,NOR,M,HANSEN Jon-Martin,379,379,0,1,2016
0,0,120576,LTU,M,KACERAUSKAS Agnius,379,379,0,1,2016
380,0,102336,ESA,M,DONADO Josue,1291,1261,0,1,2016
0,0,132104,ARG,M,ORENCEL Alexis,380,380,0,1,2016
381,403,118072,ESP,M,FRANCO Carlos,1287,1291,0,1,2016
382,0,106478,MEX,M,MUNOZ Guillermo,1283,1273,0,1,2016
382,404,121852,BEL,M,BILAS Arthur,1283,1285,0,1,2016
384,406,114795,SWE,M,GORMAN Viktor,1280,1280,0,1,2016
385,472,119037,BEL,M,DARCIS Thibaut,1279,1159,0,1,2016
385,405,121510,BEL,M,SWARTENBROUCKX Gaetan,1279,1281,0,1,2016
385,408,116213,ESP,M,VILCHEZ Miguel,1279,1279,0,1,2016
388,409,121490,TPE,M,TSAI Chun-Yu,1278,1278,0,1,2016
0,0,123949,ISR,M,PRIVES Yoav,388,388,0,1,2016
389,411,112359,IRL,M,MCCREERY Paul,1275,1275,0,1,2016
0,0,118811,IRQ,M,TAHER Mohammed,389,389,0,1,2016
390,412,111113,USA,M,ZHANG Yahao,1274,1274,0,1,2016
0,949,120793,MRI,M,GUKHOOL Wasiim,390,390,0,1,2016
391,410,116547,RUS,M,SHVETC Kirill,1273,1277,0,1,2016
392,413,115874,MAS,M,HAIQAL Muhamad Ashraf,1272,1272,0,1,2016
0,0,122242,PER,M,DUFFOO Moises,392,392,0,1,2016
393,414,118890,RUS,M,CHAPLYGIN Maxim,1269,1269,0,1,2016
0,0,131675,SUI,M,LALIVE Hadrien,393,393,0,1,2016
394,0,120864,RUS,M,KISELEV Maksim,1268,1186,0,1,2016
395,415,103723,SCO,M,HOWIESON Craig,1257,1257,0,1,2016
396,416,116926,INA,M,AJI Donny,1254,1254,0,1,2016
0,0,122674,NOR,M,WETZEL Adrian,396,396,0,1,2016
397,418,104368,IND,M,KARIA Devesh,1250,1250,0,1,2016
397,418,108146,IND,M,SAHA Sourav,1250,1250,0,1,2016
397,416,108001,FIN,M,KANTOLA Roope,1250,1254,0,1,2016
0,0,121438,PUR,M,RUBIO Julian,398,398,0,1,2016
400,452,115054,RUS,M,SEMENOV Andrey,1248,1200,0,1,2016
401,420,112860,IND,M,YADAV Abhishek,1247,1247,0,1,2016
402,422,116848,SWE,M,FRANZEN Alexander,1245,1245,0,1,2016
402,422,101877,ECU,M,COELLO Geovanny,1245,1245,0,1,2016
0,0,116427,VEN,M,MARQUES Carlos,402,402,0,1,2016
404,424,123507,JPN,M,KAYAMA Yu,1241,1241,0,1,2016
405,423,114976,BLR,M,SHAMRUK Gleb,1238,1242,0,1,2016
0,944,131384,ARG,M,AGUAYSOL Lautaro,405,405,0,1,2016
406,425,106947,IRI,M,OMRANI Seyed Pourya,1233,1237,0,1,2016
407,432,118847,ROU,M,MANOLE Alexandru,1232,1228,0,1,2016
0,0,120941,THA,M,TAYAPITAK Chanakan,407,407,0,1,2016
408,430,113341,SRB,M,RADONJIC Vladimir,1230,1230,0,1,2016
409,431,116321,ARG,M,GALVANO Nicolas,1229,1229,0,1,2016
410,432,122585,USA,M,ZHANG Kai,1228,1228,0,1,2016
411,434,114202,ALG,M,BOURIAH Larbi,1226,1226,0,1,2016
411,434,122340,TPE,M,CHIN Mao-Cheng,1226,1226,0,1,2016
0,0,116831,EGY,M,HELMY Mahmoud,411,411,0,1,2016
413,436,120227,TPE,M,YU Cheng-Feng,1225,1225,0,1,2016
413,427,115545,HKG,M,KWAN Man Ho,1225,1233,0,1,2016
0,0,123312,NZL,M,ZHAO Yanglun,413,413,0,1,2016
0,0,122644,IRL,M,WILSON Zak,413,413,0,1,2016
415,440,116548,RUS,M,YARUSHIN Nikita,1220,1212,0,1,2016
416,437,116531,GER,M,SCHEJA Dominik,1219,1221,0,1,2016
417,438,112856,THA,M,UDOMSILP Chanakarn,1218,1218,0,1,2016
418,439,117865,MDA,M,PUTUNTICA Andrei,1215,1215,0,1,2016
419,426,120154,POL,M,BADOWSKI Marek,1213,1235,0,1,2016
0,0,124125,GRE,M,ANTONIADIS Vasileios,419,419,0,1,2016
420,440,114460,AUS,M,HU Heming,1212,1212,0,1,2016
0,0,131405,DEN,M,TRANS Peter,420,420,0,1,2016
421,442,114027,GRE,M,KONSTANTINOPOULOS Konstantinos,1210,1210,0,1,2016
422,444,113501,ARG,M,DAHER Juan,1209,1209,0,1,2016
423,442,111591,KAZ,M,KELBUGANOV Timur,1208,1210,0,1,2016
424,445,103704,SUI,M,HOTZ Christian,1207,1207,0,1,2016
424,460,116648,ENG,M,WEERASINGHE Helshan,1207,1176,0,1,2016
0,0,120932,THA,M,HIRUNYASIRI Kumron,425,425,0,1,2016
0,0,131994,POL,M,KICINSKI Mikolaj,425,425,0,1,2016
426,0,120808,BRA,M,YOKOTA Gustavo,1206,1258,0,1,2016
0,0,120948,THA,M,SIRIPATTANANUNTAKUL Nutchapat,426,426,0,1,2016
427,447,108728,SRI,M,SIRISENA Rohan,1205,1205,0,1,2016
427,447,107635,PAK,M,QURESHI Asim,1205,1205,0,1,2016
0,0,117202,TTO,M,ROOPNARINE Arun,427,427,0,1,2016
429,0,118009,MEX,M,VILLA Ricardo,1203,1135,0,1,2016
429,450,101574,LBN,M,CHALHOUB Youssef,1203,1203,0,1,2016
0,0,121167,CAN,M,YU James,429,429,0,1,2016
0,0,119261,UKR,M,SINKEVYCH Bohdan,430,430,0,1,2016
431,451,123951,BEL,M,MAES Yannick,1201,1201,0,1,2016
0,0,120310,NED,M,AGAMYAN Erik,431,431,0,1,2016
432,428,122943,USA,M,WANG Jack,1197,1232,0,1,2016
432,449,120266,CZE,M,KUCERA Stanislav,1197,1204,0,1,2016
0,932,121682,BUL,M,TODOROV Stefan,432,432,0,1,2016
0,932,115802,BUL,M,KOSTADINOV David,432,432,0,1,2016
434,453,114832,RUS,M,SHAPOSHNIKOV Stepan,1195,1195,0,1,2016
0,931,122735,HKG,M,LEE Pak Ho,434,434,0,1,2016
435,455,118843,HUN,M,BRUCKNER Mate,1192,1186,0,1,2016
0,0,121097,CAN,M,LEHMANN Matthew,435,435,0,1,2016
436,454,101168,PER,M,BLAS Bryan,1191,1191,0,1,2016
437,445,120099,DEN,M,DILLING Andreas,1188,1207,0,1,2016
0,0,124287,USA,M,WANG ^^ Rui,437,437,0,1,2016
438,456,120865,RUS,M,IVONIN Denis,1185,1185,0,1,2016
0,0,124318,USA,M,GONG Steven,438,438,0,1,2016
0,0,124163,USA,M,HE ^^ Jiaming,438,438,0,1,2016
439,499,118962,SWE,M,SODERLUND Simon,1181,1120,0,1,2016
0,925,132064,PUR,M,NEGRON Cristhian,439,439,0,1,2016
440,457,110739,NOR,M,RONNEBERG Lars,1178,1182,0,1,2016
441,517,121877,GER,M,SCHLIE Jonah,1174,1099,0,1,2016
441,461,100329,QAT,M,ALMUGHANNE Fahed,1174,1174,0,1,2016
443,464,115458,POL,M,DOSZ Adam,1170,1170,0,1,2016
443,464,110989,YEM,M,ALI Omar,1170,1170,0,1,2016
443,464,110959,IRI,M,MIRALMASI Amin,1170,1170,0,1,2016
0,0,124516,BRA,M,SANTOS Joao Gabriel,443,443,0,1,2016
0,0,123153,NGR,M,HASSAN Nurudeen,443,443,0,1,2016
0,0,122440,THA,M,PIMRAT Thirawat,444,444,0,1,2016
446,467,114035,IRL,M,ROBINSON Ashley,1165,1165,0,1,2016
446,524,117530,ARG,M,SANCHI Francisco,1165,1088,0,1,2016
0,0,123526,ISR,M,ITSHAK Ziv,446,446,0,1,2016
448,469,121491,TPE,M,TSENG Yi-Cheng,1164,1164,0,1,2016
449,470,132171,KOR,M,CHOI Inhyeok,1162,1162,0,1,2016
449,469,122044,SWE,M,MOREGARD Truls,1162,1164,0,1,2016
0,0,111446,USA,M,FRIEND Chance,449,449,0,1,2016
451,504,118920,ITA,M,PINTO Daniele,1155,1113,0,1,2016
0,923,119080,KOR,M,JANG Dongju,451,451,0,1,2016
452,473,132696,KOR,M,KWAK Yu Bin,1154,1154,0,1,2016
452,486,118701,SLO,M,SFILIGOJ Tom,1154,1144,0,1,2016
0,0,121396,PUR,M,RIVERA Rehuel,452,452,0,1,2016
0,921,131931,MAS,M,SALMI Mohamad Syazwan,453,453,0,1,2016
0,0,121239,USA,M,QI ^^ Wei,453,453,0,1,2016
454,475,119021,USA,M,FENG Yijun,1153,1153,0,1,2016
454,475,104371,UZB,M,KARIMOV Anvar,1153,1153,0,1,2016
454,475,119578,MDA,M,TERNA Denis,1153,1153,0,1,2016
457,528,123023,BEL,M,CNUDDE Florian,1151,1082,0,1,2016
0,0,124524,CRO,M,MIJATOVIC Daniel,457,457,0,1,2016
458,481,116837,ESP,M,VEDRIEL Carlos,1147,1147,0,1,2016
459,466,120251,SRB,M,MARINKOVIC Nikola,1146,1166,0,1,2016
459,483,123732,GER,M,HELBING Bjorn,1146,1146,0,1,2016
0,0,120641,IRI,M,DEHESTANI Mehrdad,459,469,0,1,2016
0,0,131336,EGY,M,ELSHAWA Ziad,459,459,0,1,2016
461,484,117227,POL,M,TROKA Mateusz,1145,1145,0,1,2016
0,0,131423,POL,M,MAKOWSKI Kacper,461,461,0,1,2016
462,487,102491,LBN,M,EL HABECH Mohamad,1143,1143,0,1,2016
0,0,121595,CHN,M,JI Yelong,462,462,0,1,2016
0,0,132138,CHN,M,TAO Guanbai,462,462,0,1,2016
463,546,117604,CAN,M,HAZIN Jeremy,1142,1050,0,1,2016
0,0,124438,NOR,M,SIAPKARAS Petros,463,463,0,1,2016
464,488,113376,KSA,M,ALKHADRAWI Ali,1141,1141,0,1,2016
465,0,102983,GUA,M,GATICA Hector,1140,1096,0,1,2016
466,490,121582,TPE,M,LIN Yun-Ju,1137,1137,0,1,2016
466,484,116846,SWE,M,ERIKSSON Anders,1137,1145,0,1,2016
468,481,116723,EGY,M,ABDEL-AZIZ Youssef,1130,1147,0,1,2016
469,490,117216,POL,M,FOLWARSKI Jakub,1129,1137,0,1,2016
470,491,115836,UKR,M,SAMOKYSH Kyrylo,1128,1132,0,1,2016
471,492,120322,SWE,M,PERMAN Oscar,1127,1130,0,1,2016
0,911,118810,IRQ,M,JABBAR Hussein,471,471,0,1,2016
472,495,122093,FRA,M,CAPELLO Benjy,1125,1125,0,1,2016
0,0,117453,BUL,M,YANEV Viktor,472,472,0,1,2016
473,496,113400,YEM,M,AL-DHUBHANI Muneer,1124,1124,0,1,2016
474,497,121487,TPE,M,LAI Chi-Chien,1122,1122,0,1,2016
474,497,121577,TPE,M,LI Hsin-Yang,1122,1122,0,1,2016
0,0,122356,WAL,M,GRIFFITHS Chris,475,475,0,1,2016
476,501,114622,MGL,M,BATKHISHIG Bilegt,1119,1119,0,1,2016
0,0,121161,CAN,M,LIAO Frank,476,476,0,1,2016
0,907,119626,GUA,M,QUEZADA Julio,476,476,0,1,2016
477,499,118846,POL,M,KOTOWSKI Tomasz,1118,1120,0,1,2016
477,502,131144,GER,M,HUTTER Balazs,1118,1118,0,1,2016
479,503,102727,CHI,M,FERNANDEZ Marcelo,1116,1116,0,1,2016
480,504,122387,JPN,M,ASAZU Aoto,1113,1113,0,1,2016
481,506,113536,ECU,M,TAPIA Rodrigo,1112,1112,0,1,2016
482,509,115521,SCO,M,DOHERTY Sean,1111,1111,0,1,2016
482,509,132695,KOR,M,SONG Junhyun,1111,1111,0,1,2016
482,509,115029,DEN,M,LIND Anders,1111,1111,0,1,2016
485,530,119589,HKG,M,LEE Yat Hin,1109,1078,0,1,2016
486,511,105508,MGL,M,ENKHBAT Lkhagvasuren,1107,1107,0,1,2016
0,0,122376,UKR,M,RIZNYCHENKO Ostap,486,486,0,1,2016
0,901,119644,ESA,M,MENDOZA Oliver,486,486,0,1,2016
487,513,121684,ENG,M,JARVIS Tom,1103,1103,0,1,2016
0,0,122332,THA,M,PUTHIKUNGASERN Veerapat,487,487,0,1,2016
488,515,111091,MAC,M,CHANG Hoi Wa,1102,1102,0,1,2016
488,0,106366,GUA,M,MOSCOSO Heber,1102,1127,0,1,2016
0,897,124175,HKG,M,LAU Chun Kit,489,489,0,1,2016
490,513,113549,SWE,M,STENER Jonas,1101,1103,0,1,2016
491,518,116841,LTU,M,STANKEVICIUS Medardas,1098,1098,0,1,2016
492,516,114065,NOR,M,LINDHOLM Eskil,1097,1101,0,1,2016
0,894,121456,HKG,M,CHENG Lap Kiu,492,492,0,1,2016
0,894,122578,CHI,M,SEPULVEDA Diego,492,492,0,1,2016
493,519,117894,KAZ,M,ZHOLUDEV Denis,1094,1096,0,1,2016
0,0,123344,MGL,M,TULGUUR Chinzorig,493,493,0,1,2016
494,521,121911,RUS,M,KHRIPUNENKO Pavel,1091,1091,0,1,2016
0,0,132102,ARG,M,VELARDE Matias,494,494,0,1,2016
495,522,116646,RUS,M,VOROBEV Kirill,1090,1090,0,1,2016
496,523,111779,ARG,M,CILLIS Javier,1089,1089,0,1,2016
497,524,112663,IRL,M,MAGUIRE Gavin,1088,1088,0,1,2016
498,0,117849,EST,M,LUSIN Aleksandr,1082,1070,0,1,2016
499,532,113764,PER,M,LI Julio,1074,1074,0,1,2016
500,533,121571,TPE,M,CHEN Meng-Tien,1072,1072,0,1,2016
0,890,122221,PER,M,ORTIZ Sebastian,500,500,0,1,2016
501,534,118983,MAD,M,NATIVEL Jonathan,1071,1071,0,1,2016
0,0,119127,BLR,M,LABANAU Andrei,501,501,0,1,2016
502,536,116839,ISR,M,SIMON Mathan,1067,1067,0,1,2016
0,889,116307,CHI,M,LUHR Sergio,502,502,0,1,2016
503,537,117862,LUX,M,GLOD Eric,1066,1066,0,1,2016
503,535,119584,TUR,M,ULUCAK Batuhan,1066,1068,0,1,2016
503,520,120265,CZE,M,KLOS Patrik,1066,1095,0,1,2016
506,538,116280,PER,M,LUPERDI Juan,1065,1065,0,1,2016
507,539,122854,VIE,M,DUONG (1988) Van Nam,1064,1064,0,1,2016
508,541,113798,ARG,M,BAYONA Lucas,1062,1062,0,1,2016
508,594,117041,CAN,M,ILIJEVSKI Filip,1062,968,0,1,2016
0,0,122073,ITA,M,CHIORRI Costantinos,508,508,0,1,2016
510,540,112950,BUL,M,KODJABASHEV Denislav,1061,1063,0,1,2016
510,547,116697,SVK,M,KALUZNY Samuel,1061,1044,0,1,2016
0,0,122565,EGY,M,WASFY Michael,510,510,0,1,2016
0,0,118564,AUS,M,HOUGHTON Benjamin,511,511,0,1,2016
0,0,120656,IRI,M,HEIDARI Matin,511,521,0,1,2016
0,0,122047,ITA,M,PICIULIN Gabriele,511,511,0,1,2016
512,0,108884,GUA,M,SOTO Kevin,1058,1062,0,1,2016
513,0,113894,EGY,M,GHALLAB Aly,1056,1013,0,1,2016
0,0,118074,POR,M,REIS Joao,513,519,0,1,2016
514,577,117648,USA,M,AVVARI Krishnateja,1055,994,0,1,2016
515,544,123282,RUS,M,KATSMAN Lev,1052,1052,0,1,2016
515,544,103917,PHI,M,SERONIO Isaias,1052,1052,0,1,2016
0,0,120077,POR,M,AMORIM Goncalo,516,522,0,1,2016
517,545,107983,CHI,M,ROMAN Sebastian,1051,1051,0,1,2016
0,878,119019,SWE,M,IWARSSON Hannes,517,517,0,1,2016
518,554,121035,POL,M,NALEPA Kamil,1049,1033,0,1,2016
519,0,117006,ITA,M,PICCOLIN Jordy,1046,1066,0,1,2016
520,558,131169,GER,M,HIPPLER Tobias,1045,1030,0,1,2016
521,548,121483,TPE,M,CHEN Chun-Hsiang,1043,1043,0,1,2016
522,550,100199,TKM,M,AHMEDOV Rashid,1037,1037,0,1,2016
522,550,115134,CHI,M,OLAVE Alfonso,1037,1037,0,1,2016
524,553,114846,AUT,M,VORCNIK David,1035,1035,0,1,2016
524,553,118946,QAT,M,AL-NAGGAR Abdulrahman,1035,1035,0,1,2016
526,554,118665,AUT,M,GRININGER Thomas,1033,1033,0,1,2016
526,554,118672,GER,M,HOHMEIER Nils,1033,1033,0,1,2016
0,0,120012,EGY,M,WAEL Ziad,527,527,0,1,2016
0,871,121437,PUR,M,MATIAS Francisco,527,527,0,1,2016
528,557,131156,QAT,M,ABDULWAHHAB Mohammed,1032,1032,0,1,2016
529,559,119041,IND,M,PUIA Lalrin,1029,1029,0,1,2016
0,0,117668,USA,M,CROITOROO Mark,529,529,0,1,2016
530,561,120207,COL,M,FERNANDEZ Favert,1024,1024,0,1,2016
530,0,112713,GUA,M,MONTUFAR Kevin,1024,1019,0,1,2016
0,0,121496,COL,M,GRISALES Juan,531,531,0,1,2016
532,562,117903,SRI,M,RANASINGHA Imesh,1021,1021,0,1,2016
533,563,116571,LAO,M,PHATHAPHONE Thavisack,1020,1020,0,1,2016
534,564,103826,KGZ,M,IAKUPBAEV Alisher,1018,1018,0,1,2016
535,566,123720,VIE,M,NGUYEN Anh Tu,1016,1016,0,1,2016
535,566,122426,USA,M,LIU Victor,1016,1016,0,1,2016
537,568,113559,GHA,M,LARTEY Felix,1015,1015,0,1,2016
537,568,121693,GRE,M,SGOUROPOULOS Ioannis,1015,1015,0,1,2016
539,568,112413,LTU,M,SKUCAS Matas,1011,1015,0,1,2016
539,571,122723,TPE,M,TANG Cheng-Yen,1011,1011,0,1,2016
541,572,100840,NEP,M,BAJRACHARYA Purshottam,1009,1009,0,1,2016
542,575,102046,KEN,M,DAIM Fahad,1003,1003,0,1,2016
0,0,120288,SMR,M,MUCCIOLI Davide,542,542,0,1,2016
543,579,118875,ITA,M,BRESSAN Luca,1000,988,0,1,2016
544,576,122647,ROU,M,CHIRITA Cristian,998,998,0,1,2016
545,617,121025,BEL,M,PIERAERT Valentin,997,938,0,1,2016
0,859,119328,PER,M,MAYTA Mauricio,545,545,0,1,2016
546,577,115186,URU,M,LORENZOTTI Gonzalo,994,994,0,1,2016
547,587,111509,PAN,M,AVI-TAL Omer,988,978,0,1,2016
548,575,116748,IRI,M,AMIRI NIA Soroosh,985,1003,0,1,2016
549,581,131930,MAS,M,LAM Chee Yin,984,984,0,1,2016
0,0,115783,SRI,M,KULAPPUWA Imantha,549,549,0,1,2016
0,0,131896,INA,M,PURKANI Luki Muhammad,549,549,0,1,2016
550,580,114064,NOR,M,JORGENSEN Eskild,983,985,0,1,2016
550,582,123221,IND,M,PANDE Siddhesh,983,983,0,1,2016
0,0,103290,ISL,M,GUDMUNDSSON Dadi Freyr,550,550,0,1,2016
0,0,121043,SVK,M,DIKO Matus,550,550,0,1,2016
552,584,104514,ALG,M,KHEROUF Sami,981,981,0,1,2016
552,649,120259,HUN,M,MOLNAR Istvan,981,878,0,1,2016
554,586,123055,KOR,M,KIM Ownbeen,980,980,0,1,2016
554,586,119269,POL,M,DYKOWSKI Mateusz,980,980,0,1,2016
0,0,123028,BRA,M,TURRINI Rafael,555,555,0,1,2016
556,588,121689,FRA,M,LLORCA Damien,977,977,0,1,2016
0,0,121716,SWE,M,KOPRIWA Lukas,556,556,0,1,2016
557,0,101454,CRC,M,CALVO Allan,976,986,0,1,2016
557,604,124576,RUS,M,SIDORENKO Vladimir,976,961,0,1,2016
557,589,114999,UZB,M,KHOLIKOV Elmurod,976,976,0,1,2016
560,590,118674,HUN,M,BOHM Gabor,972,972,0,1,2016
561,591,104083,SRI,M,JAYASINGHA Nirmala,971,971,0,1,2016
562,593,110068,URU,M,WEITZNER Mateo,970,970,0,1,2016
563,598,116554,SVK,M,KOPANYI Tomas,966,966,0,1,2016
563,598,116525,CZE,M,MALIK Tomas,966,966,0,1,2016
563,598,113407,IND,M,SHAH Nishaad,966,966,0,1,2016
563,618,121179,USA,M,ALGUETTI Sharon,966,935,0,1,2016
563,598,108602,VAN,M,SHING Yoshua,966,966,0,1,2016
563,598,113625,AUT,M,WOLF Christian,966,966,0,1,2016
0,0,119140,BLR,M,VERHUNOU Raman,564,564,0,1,2016
569,601,131849,GER,M,EISE Tom,962,962,0,1,2016
0,840,121205,USA,M,GAO Felix,569,569,0,1,2016
570,604,119536,IND,M,BORO Birdie,961,961,0,1,2016
570,604,122327,THA,M,PASSARA Pattaratorn,961,961,0,1,2016
0,0,122031,ISR,M,DIMANT Ron,571,571,0,1,2016
0,832,120870,ESP,M,PEREZ Ivan,571,577,0,1,2016
572,601,118888,RUS,M,TIUTRIUMOV Aleksandr,960,962,0,1,2016
573,606,112504,BAN,M,CHOWDHURY Manash,958,958,0,1,2016
574,608,123057,KOR,M,KIM Byunghyeon,951,951,0,1,2016
574,608,131924,KOR,M,CHO Kijeong,951,951,0,1,2016
574,608,123225,HUN,M,KRAMARICS Gergo,951,951,0,1,2016
0,0,131848,NED,M,RENGERS Colin,574,574,0,1,2016
0,0,131344,ISR,M,KOUCHLY Guy,575,575,0,1,2016
0,0,131313,RUS,M,SAMSONOV Vladislav,576,576,0,1,2016
577,610,100268,KSA,M,AL-GHAMDI Akram,950,950,0,1,2016
0,832,121618,BRA,M,PENHA Gabriel,577,577,0,1,2016
0,832,120908,MAS,M,WONG Chun Cheun,577,577,0,1,2016
0,0,131978,FRA,M,MENAND Paul,577,577,0,1,2016
578,611,132020,TPE,M,YOU Rong-Qian,948,948,0,1,2016
579,612,122187,EGY,M,ABDELWAHAB Marwan,945,945,0,1,2016
580,613,132191,IND,M,KOTIYAN Ravindra,942,942,0,1,2016
0,829,121149,SWE,M,HESSELGREN Johan,580,580,0,1,2016
0,0,121871,SVK,M,ORAC Daniel,580,580,0,1,2016
581,614,111611,PHI,M,VALLE Rodel,941,941,0,1,2016
582,618,121866,RUS,M,DVOYNIKOV Artem,935,935,0,1,2016
582,618,116551,SVK,M,BRAT Adam,935,935,0,1,2016
0,0,122352,LTU,M,DAUGERDAS Edvin,582,582,0,1,2016
0,828,119424,USA,M,ALGUETTI Adar,583,583,0,1,2016
0,0,116087,USA,M,SHAH Aarsh,583,583,0,1,2016
584,618,119585,TUR,M,YIGENLER Abdullah,933,935,0,1,2016
585,623,131413,KOR,M,WOO Hyeonggyu,932,932,0,1,2016
585,623,122225,ARG,M,BENTANCOR Martin,932,932,0,1,2016
587,640,123305,FRA,M,DE NODREST Leo,931,905,0,1,2016
588,624,113200,YEM,M,AL-MAHAQERI Taha,928,928,0,1,2016
0,0,120053,ESP,M,CASARES Rafael,588,588,0,1,2016
589,625,123682,IND,M,THAKKAR Manav Vikash,927,927,0,1,2016
590,626,115644,COL,M,FUQUENE Mario,926,926,0,1,2016
591,734,122001,BEL,M,DEVOS Laurens,925,749,0,1,2016
592,627,104982,TKM,M,KUZMENKO Denis,924,924,0,1,2016
593,704,118523,AUS,M,CHAMBERS Dillon,920,807,0,1,2016
593,630,120261,POL,M,TOMASZUK Tomasz,920,920,0,1,2016
593,630,118489,FRA,M,BATOCCHI Hugo,920,920,0,1,2016
0,0,132014,ROU,M,MARAN Alin,593,593,0,1,2016
0,0,120252,SRB,M,JOVICIC Luka,594,594,0,1,2016
596,632,112659,AZE,M,JAFARZADE Jafar,916,916,0,1,2016
597,633,115917,IND,M,GUPTA Utkarsh,914,914,0,1,2016
598,634,122727,TPE,M,FENG Yi-Hsin,912,912,0,1,2016
0,0,122296,INA,M,RAMADHAN Rafi,598,598,0,1,2016
599,636,113839,JAM,M,TOMLINSON Simon,910,910,0,1,2016
0,0,111383,LAT,M,EIHMANS Gints,599,599,0,1,2016
600,638,123558,SWE,M,BERGSTROM Emil,909,909,0,1,2016
600,638,103300,SEN,M,GUEYE Mohamed,909,909,0,1,2016
600,635,120869,ESP,M,CANO Rodrigo,909,911,0,1,2016
0,0,121854,WAL,M,OYLER Ryan,602,602,0,1,2016
603,640,109367,ETH,M,FARIS Aden,905,905,0,1,2016
604,642,122064,AUT,M,KOLODZIEJCZYK Maciej,894,894,0,1,2016
605,643,131414,KOR,M,KWON Ojin,893,893,0,1,2016
606,644,106394,LBN,M,MOUMJOGHLIAN Avo,890,890,0,1,2016
0,0,124189,CHN,M,HOU Ze,606,606,0,1,2016
0,819,131415,KOR,M,KIM Minseo,606,606,0,1,2016
0,0,118737,CAN,M,LEE Lester,606,606,0,1,2016
607,646,122002,FRA,M,BARDET Lilian,888,888,0,1,2016
607,646,103244,CYP,M,GREGORIOU Stephanos,888,888,0,1,2016
609,672,120267,CZE,M,MARTINKO Jiri,886,850,0,1,2016
610,676,118541,AUS,M,DUFFY Jake,883,846,0,1,2016
611,648,108425,ANG,M,SEBASTIAO Hermenegildo,882,882,0,1,2016
612,651,123143,GHA,M,COMMEY Emmanuel,877,877,0,1,2016
612,651,124564,TPE,M,LIN Yung-Chih,877,877,0,1,2016
0,0,122688,ECU,M,ESPINOZA John,613,613,0,1,2016
614,653,122301,TPE,M,CHOU Te-Hao,873,873,0,1,2016
615,654,123844,BEL,M,MERCKX Jasper,869,871,0,1,2016
0,814,119396,CHI,M,MATSUBARA ^ Yutaka,615,615,0,1,2016
0,0,131420,POL,M,WACHOWIAK Lukasz,615,615,0,1,2016
0,0,102213,NCL,M,DEY Jeremy,615,615,0,1,2016
616,656,120320,SWE,M,GULLBO Viktor,866,868,0,1,2016
617,658,120155,ROU,M,SPELBUS Florin,865,865,0,1,2016
0,0,123948,ISR,M,SHUSTERMAN Yonatan,617,617,0,1,2016
618,661,112642,GHA,M,ABREFA Derek,863,863,0,1,2016
619,660,120771,RUS,M,ISAKOV Ilya,862,864,0,1,2016
620,662,106205,ARG,M,MOAVRO Sebastian,860,862,0,1,2016
620,664,120318,SGP,M,POH Shao Feng Ethan,860,860,0,1,2016
0,811,122744,HKG,M,CHU Pak Chung,620,620,0,1,2016
0,810,120925,SWE,M,APELQVIST William,621,621,0,1,2016
622,665,120256,GER,M,XU Jannik,855,855,0,1,2016
623,641,122067,ITA,M,AMATO Antonino,853,895,0,1,2016
623,0,121452,EGY,M,ELHAKEM Karim,853,839,0,1,2016
623,666,122095,FRA,M,REMBERT Bastien,853,853,0,1,2016
0,0,105604,VAN,M,LULU Ham,624,624,0,1,2016
626,662,118771,POR,M,SILVA Paulo,852,862,0,1,2016
626,667,131130,RUS,M,TARUTIN Pavel,852,852,0,1,2016
626,667,116522,AUT,M,KLAUS David,852,852,0,1,2016
0,0,114397,EST,M,SAAREMAE Rivo,626,628,0,1,2016
0,0,114974,BLR,M,VILENCHYTS Nikita,627,627,0,1,2016
629,669,116755,SGP,M,LIM Zheng Jie Edric,851,851,0,1,2016
630,672,123976,KOR,M,PARK Gyeongtae,850,850,0,1,2016
631,676,120287,ITA,M,MUTTI Matteo,846,846,0,1,2016
631,676,120896,ECU,M,RIOFRIO Emiliano,846,846,0,1,2016
631,676,123080,UZB,M,LEVCHENKO Gennadiy,846,846,0,1,2016
634,679,120284,SVK,M,SPANIK Tibor,844,844,0,1,2016
0,802,122703,SWE,M,DANIELSSON Oskar,634,634,0,1,2016
635,680,131912,SGP,M,PANG Yew En Koen,843,843,0,1,2016
0,801,124176,HKG,M,CHAN Yee Shun,635,635,0,1,2016
636,0,116492,AUS,M,HUANG Dominic,841,781,0,1,2016
0,0,116078,USA,M,PATEL Aashay,636,636,0,1,2016
637,672,120074,LUX,M,MLADENOVIC Luka,838,850,0,1,2016
0,0,131982,MGL,M,CHINBAT Erdenebayar,637,637,0,1,2016
638,684,111971,TUN,M,MAMIA Thameur,831,831,0,1,2016
638,0,108477,NCA,M,SEQUEIRA Roger,831,844,0,1,2016
638,684,120927,THA,M,SANGPAO Komgrit,831,831,0,1,2016
638,684,119509,USA,M,TRAN Theodore,831,831,0,1,2016
638,682,117213,NOR,M,WAERSTAD Marcus,831,835,0,1,2016
643,687,100869,MLT,M,BALDACCHINO Edward,828,828,0,1,2016
643,687,115541,CYP,M,HRISTONOV Hristo,828,828,0,1,2016
643,687,112677,PAK,M,RAMEEZ Muhammad,828,828,0,1,2016
0,0,111474,KOR,M,YANG Daekeun,645,645,0,1,2016
646,690,113659,BLR,M,MILOVANOV Andrey,826,826,0,1,2016
0,0,116253,CAN,M,YEUNG Klement,646,646,0,1,2016
647,691,115459,POL,M,KREFT Damian,825,825,0,1,2016
648,0,121277,MEX,M,ARCE Damian,824,785,0,1,2016
648,692,122721,TPE,M,CHEN Jun-Ting,824,824,0,1,2016
650,694,120285,ITA,M,ROSSI Carlo,820,820,0,1,2016
650,694,123031,BRA,M,TEODORO Guilherme,820,820,0,1,2016
0,0,118936,LTU,M,SKIRMANTAS Benas,650,650,0,1,2016
652,697,124571,TPE,M,HO Jui-Lin,818,818,0,1,2016
653,699,111371,MLT,M,BAJADA Daniel,816,816,0,1,2016
654,698,117871,SUI,M,VENDE Gael,815,817,0,1,2016
654,701,122724,TPE,M,TAI Ming-Wei,815,815,0,1,2016
654,701,113583,WAL,M,"O'CONNELL Daniel",815,815,0,1,2016
0,0,121691,GRE,M,DAMIANIS Efstratios,654,654,0,1,2016
657,702,123219,IND,M,AMBEKAR Sanish,809,809,0,1,2016
658,703,123469,COL,M,FAGUA Ricardo,808,808,0,1,2016
659,705,123293,GER,M,MENG Fanbo,806,806,0,1,2016
0,0,118939,NOR,M,MERINGDAL Fredrik,659,661,0,1,2016
660,0,111528,ESA,M,CALDERON Julio,803,741,0,1,2016
661,706,131441,FRA,M,HAMACHE Bilal,799,799,0,1,2016
0,784,116758,IND,M,DANI Mudit,661,661,0,1,2016
662,715,123931,RUS,M,GREBNEV Maksim,795,780,0,1,2016
662,708,101106,KOS,M,DOMANIKU Besart,795,795,0,1,2016
0,781,119826,ARG,M,CHERNY Federico,663,663,0,1,2016
664,710,123522,DEN,M,MIKKELSEN Rasmus,792,792,0,1,2016
665,709,116421,PUR,M,GONZALEZ Yomar,791,793,0,1,2016
666,711,116262,CAN,M,MEDJUGORAC Marko,788,788,0,1,2016
666,711,121583,TPE,M,SUNG Min-Hong,788,788,0,1,2016
0,0,124109,CHN,M,LI Duo,667,667,0,1,2016
668,713,121870,SVK,M,PEKO Stefan,787,787,0,1,2016
669,715,123882,JPN,M,KASHIWA Takeru,780,780,0,1,2016
669,715,131123,SWE,M,SANDSTROM Per,780,780,0,1,2016
0,0,124342,CHN,M,GAO ^^ Hua Yang,669,669,0,1,2016
0,0,112582,JPN,M,SAKURADA Takeru,670,670,0,1,2016
671,719,118952,SGP,M,TAY Ming Han Maxxe,775,775,0,1,2016
672,722,121868,SUI,M,BRUNNER Dimitri,769,769,0,1,2016
673,723,124569,TPE,M,LIN Ping-Hsu,767,767,0,1,2016
674,720,120872,ESP,M,MASIP Joan,766,772,0,1,2016
675,724,114050,KOS,M,CITAKU Linor,765,765,0,1,2016
675,724,119248,BRA,M,NARITA Henrique,765,765,0,1,2016
0,0,123478,IRI,M,AHMADIAN Amin,675,675,0,1,2016
0,0,120929,THA,M,MAUNGWHAN Chayaduj,675,675,0,1,2016
677,726,122320,MDA,M,URSU Vladislav,764,764,0,1,2016
0,776,119592,HKG,M,LAI Cheuk Yin,677,677,0,1,2016
678,727,119508,USA,M,TRAN Michael Minh,763,763,0,1,2016
679,729,123896,POL,M,DZIADEK Kamil,762,762,0,1,2016
0,774,121512,HKG,M,CHOI Cheuk Kwan,679,679,0,1,2016
680,729,114020,FIN,M,OCONNOR Miikka,760,762,0,1,2016
680,730,123108,BRA,M,FERREIRA Renan,760,760,0,1,2016
680,778,119032,CAN,M,MORAN Alexander,760,675,0,1,2016
0,0,117101,VEN,M,MIRANDA Jose,682,682,0,1,2016
683,714,118615,AUS,M,SULFARO Ivan,757,782,0,1,2016
0,772,123034,BRA,M,ALMEIDA Siddharta,683,683,0,1,2016
684,731,123515,ROU,M,OPREA Dragos Florin,754,754,0,1,2016
685,737,117062,SCO,M,WHEELER Christopher,746,746,0,1,2016
685,737,115472,TTO,M,WILSON Aaron,746,746,0,1,2016
0,0,120058,ESP,M,SANCHEZ Diego,686,686,0,1,2016
0,769,123030,BRA,M,RODRIGUES Pedro Henrique,686,686,0,1,2016
687,739,118912,ITA,M,FRIGIOLINI Nicholas,740,740,0,1,2016
0,0,119272,POL,M,DOSZ Slawomir,687,687,0,1,2016
688,740,118838,ENG,M,MABEY Samuel,739,739,0,1,2016
0,0,120716,MAR,M,BOUZOUBAA Mohamed,688,688,0,1,2016
689,741,121859,CRO,M,ARBANAS Josip,736,736,0,1,2016
689,732,121862,HUN,M,TIMAFALVI Gergo,736,750,0,1,2016
691,742,115249,CGO,M,BIENATIKI Christ,735,735,0,1,2016
692,743,114859,HUN,M,KOVACS Sebestyen,732,732,0,1,2016
693,744,118950,SGP,M,LOY Meng Hean Darren,731,731,0,1,2016
694,745,120239,LBN,M,HAMIE Mohamad,729,729,0,1,2016
695,746,122020,CZE,M,BUBEN Vlastimil,727,727,0,1,2016
696,747,122607,PER,M,HIDALGO Rodrigo,726,726,0,1,2016
0,0,116840,LTU,M,LESIV Rimas,696,696,0,1,2016
697,0,111498,CRC,M,MARTINEZ Jeison,725,757,0,1,2016
0,0,122610,PER,M,DUFFOO Felipe,697,697,0,1,2016
0,0,109746,SMR,M,VANNUCCI Marco,697,697,0,1,2016
0,0,121291,MEX,M,JIMENEZ Jair,697,697,0,1,2016
698,748,105070,LBA,M,LARIFI Hisham,723,723,0,1,2016
699,752,121178,USA,M,ALGUETTI Gal,710,710,0,1,2016
700,754,122018,HUN,M,KOVACS Gabor,706,706,0,1,2016
701,756,122606,SWE,M,KARLSSON Filip,705,705,0,1,2016
702,757,122017,GER,M,GERHOLD Alexander,704,704,0,1,2016
0,0,111279,ISL,M,JONSSON David,703,703,0,1,2016
703,758,122435,ENG,M,SAVILL Luke,703,703,0,1,2016
704,759,116341,ARG,M,TITOLO Franco,702,702,0,1,2016
0,756,123029,BRA,M,TOMOIKE Eduardo,705,705,0,1,2016
0,0,131129,RUS,M,PAK Vasilii,705,705,0,1,2016
705,760,112307,MDA,M,DUBROVIN Veniamin,701,701,0,1,2016
706,761,118928,SLO,M,PAULIN Erik,698,698,0,1,2016
707,750,117523,ARG,M,JOFFRE Tomas,697,713,0,1,2016
708,762,123281,AUT,M,KAPOLNEK Narayan,695,695,0,1,2016
0,0,123965,THA,M,TAWAN Metanee,709,709,0,1,2016
0,753,121748,KOR,M,LEE Jeongmin,709,709,0,1,2016
709,763,122993,CRO,M,VIDACEK Marko,694,694,0,1,2016
0,0,120928,THA,M,PUANGTHIP Sirawit,710,710,0,1,2016
0,0,123037,BRA,M,YONESAKE Rodrigo,710,710,0,1,2016
710,764,117471,LAO,M,KONGPHET Phinith,693,693,0,1,2016
0,751,116115,ECU,M,VITE Marlon,711,711,0,1,2016
711,765,100087,LBA,M,ABUSHUWASHI Adir,691,691,0,1,2016
712,766,114103,MAC,M,CHE Chi Pan,689,689,0,1,2016
0,0,114174,AUS,M,SCHUBERT Jonathon,713,713,0,1,2016
713,767,121857,AUT,M,FRIEDRICH Christian,688,688,0,1,2016
714,768,121511,HKG,M,CHENG Pak Hei,687,687,0,1,2016
0,0,120931,THA,M,PANICHAROEN Naphat,715,715,0,1,2016
0,749,131154,PRK,M,MUN Jin Song,715,715,0,1,2016
715,769,110924,MRI,M,ARNACHELLUM Allan,686,686,0,1,2016
716,772,122096,FRA,M,ZHENG Dorian,683,683,0,1,2016
716,772,131926,KOR,M,YANG Yechan,683,683,0,1,2016
718,775,114006,CYP,M,EFSTATHIOU Andreas,678,678,0,1,2016
719,778,120263,ROU,M,FLAMIND Andrei,675,675,0,1,2016
0,0,121551,CAN,M,LI ^^ Xuebo,720,720,0,1,2016
720,779,121690,FRA,M,PICARD Vincent,671,671,0,1,2016
721,781,131932,MAS,M,CHOONG Javen,663,663,0,1,2016
0,0,116425,MEX,M,LEGARIA Alex,722,722,0,1,2016
722,783,131126,SRB,M,TEPIC Pero,662,662,0,1,2016
723,785,112907,NEP,M,GOTHE Shiva,660,660,0,1,2016
724,786,123204,SRB,M,GACEV Aleksa,658,658,0,1,2016
725,787,119579,MNE,M,RADOVIC Filip,655,655,0,1,2016
726,789,123437,POR,M,MOREIRA Diogo,652,652,0,1,2016
726,789,121717,SWE,M,NILSSON Melker,652,652,0,1,2016
726,789,131098,HUN,M,BALAZS Bence,652,652,0,1,2016
729,792,117869,SUI,M,SCHAFFTER Simon,651,651,0,1,2016
730,794,121031,POL,M,KULCZYCKI Samuel,649,649,0,1,2016
0,0,120255,ENG,M,LAWRENCE Daniel,731,731,0,1,2016
731,795,123577,SGP,M,YU Zong Jun Gerald,647,647,0,1,2016
732,0,121001,BRA,M,SHIMOKI Matheus,642,637,0,1,2016
733,796,131124,SWE,M,BARIUS Johan,641,641,0,1,2016
734,821,119666,CAN,M,HO Bryan,640,603,0,1,2016
735,797,123514,GRE,M,STAMATOUROS Georgios,639,639,0,1,2016
736,799,123659,BEL,M,RASSENFOSSE Adrien,638,638,0,1,2016
0,0,120161,SLO,M,GRM URBANCIC Crt,737,737,0,1,2016
0,0,121076,SUI,M,KARIN Filip,737,737,0,1,2016
737,799,115924,KAZ,M,SARSEMBAYEV Dias,636,638,0,1,2016
737,780,121687,POR,M,DOYEN ^^ Antoine,636,668,0,1,2016
739,801,124568,TPE,M,WANG Chien-Chih,635,635,0,1,2016
0,0,123126,BEN,M,GUIGANFODE Olouwachehoun,740,740,0,1,2016
740,788,122843,POR,M,FRANCISCO Jose Pedro,634,654,0,1,2016
741,792,120073,LUX,M,BALABAN Ademir,633,651,0,1,2016
742,803,122043,SWE,M,FRIIS Martin,631,631,0,1,2016
0,0,123257,ESP,M,PALACIOS Daniel,743,743,0,1,2016
0,0,124236,RUS,M,FILCHEV Sergei,743,743,0,1,2016
0,0,115976,USA,M,CHOW Brandon,743,743,0,1,2016
743,806,131110,ENG,M,RAMSDEN Alexander,630,630,0,1,2016
743,806,121488,TPE,M,LEE Hung-Yi,630,630,0,1,2016
743,806,123022,ROU,M,TONGHIOIU Stefan,630,630,0,1,2016
0,0,116898,BLR,M,NAZAROVICH Pavel,745,745,0,1,2016
0,738,121463,HKG,M,LEUNG Ho Ching Hocking,745,745,0,1,2016
0,0,120126,SWE,M,GEORGSSON Vilmer,746,746,0,1,2016
746,807,122102,BEL,M,AYAOU Basil,628,628,0,1,2016
0,735,119771,MAD,M,RANDRIANANTOANDRO Erick,747,747,0,1,2016
747,808,116254,CAN,M,GUO Moxi,624,624,0,1,2016
0,0,120167,TUR,M,GUNDUZ Ziver,748,748,0,1,2016
748,809,120091,POR,M,VIEIRA Eduardo,623,623,0,1,2016
0,734,119325,PER,M,LIYAU Juan,749,749,0,1,2016
749,812,131878,IND,M,VIRMANI Parth,617,617,0,1,2016
0,0,118840,GRE,M,ANTONIADIS Nikolaos,750,750,0,1,2016
750,815,115118,KSA,M,BU SHULAYBI Abdulaziz,612,612,0,1,2016
751,816,132022,GER,M,STUMPER Kay,611,611,0,1,2016
752,814,120162,SLO,M,HRIBAR Peter,610,615,0,1,2016
753,817,119463,USA,M,KUMAR Nikhil,608,608,0,1,2016
754,818,123285,GER,M,SCHULZE Nils,607,607,0,1,2016
755,820,120713,ANG,M,ANTONIO Alessio,605,605,0,1,2016
756,821,122732,TPE,M,HUANG Hung-Chou,603,603,0,1,2016
757,824,132150,KOR,M,KIM Suhwan,596,596,0,1,2016
757,0,111507,HON,M,DIAZ Denis,596,607,0,1,2016
757,824,131426,SWE,M,PETTERSSON Marcus,596,596,0,1,2016
0,0,115693,AUS,M,TSAO Erny,758,758,0,1,2016
0,0,120025,NGR,M,OGINI Olasunkanmi,759,759,0,1,2016
760,825,118722,TOG,M,FANNY Kokou Dodji,589,589,0,1,2016
761,0,119637,PAN,M,GUERRA Jose,587,561,0,1,2016
761,826,116014,USA,M,HSU Nathan,587,587,0,1,2016
763,827,120309,NED,M,BOGIE Roel,585,585,0,1,2016
0,0,116742,BRN,M,RASHED Rashed,764,764,0,1,2016
764,830,114049,KOS,M,CITAKU Baton,579,579,0,1,2016
764,830,119820,SEN,M,SOW Hamidou,579,579,0,1,2016
0,0,121308,MEX,M,VAZQUEZ Miguel,766,766,0,1,2016
766,832,120282,CAN,M,BERNADET Antoine,577,577,0,1,2016
767,836,120938,THA,M,SHOTELERSUK Varote,576,576,0,1,2016
768,842,132217,ROU,M,MLADIN Paul,575,567,0,1,2016
769,838,121869,SVK,M,ZELINKA Jakub,574,574,0,1,2016
769,838,115610,CHN,M,DENG Haotian,574,574,0,1,2016
0,721,122336,KOR,M,MIN Byeongchang,770,770,0,1,2016
771,0,116719,EGY,M,ELHAMADY Omar,572,576,0,1,2016
772,839,122186,TUN,M,HAMDOUN Nathael,571,571,0,1,2016
773,850,123192,SRB,M,LEVAJAC Dimitrije,570,554,0,1,2016
774,841,120153,CRO,M,PETROVIC Martin,568,568,0,1,2016
775,843,120157,SLO,M,CVETKO Tilen,565,565,0,1,2016
776,845,121707,SRB,M,ADAMOVIC Aleksa,559,559,0,1,2016
777,847,120083,POR,M,AMORIM Vitor,556,556,0,1,2016
777,847,122677,BLR,M,TSIAROKHIN Andrei,556,556,0,1,2016
0,718,118023,ECU,M,CABRERA Adrian,778,778,0,1,2016
779,849,123018,HUN,M,JUHASZ Patrik,555,555,0,1,2016
780,844,122277,ESP,M,SORIA Javier,554,560,0,1,2016
781,851,123256,ROU,M,BOGDAN Cristian-Stefan,553,553,0,1,2016
0,0,113513,VEN,M,RIVAS Hugo,782,782,0,1,2016
782,852,123019,HUN,M,ANDRAS Csaba,552,552,0,1,2016
0,0,116163,CAN,M,XIA Max,783,783,0,1,2016
783,855,115089,MLT,M,GAMBINA Andrew,551,551,0,1,2016
783,855,118695,SVK,M,KASSAY Andrej,551,551,0,1,2016
783,855,121121,DEN,M,SPOTTOG Jeppe,551,551,0,1,2016
0,0,122094,FRA,M,MENAND Remi,785,787,0,1,2016
0,0,106503,MDV,M,AHMED Mohamed Munthif,786,786,0,1,2016
786,846,120084,POR,M,PINTO Miguel,549,557,0,1,2016
787,857,120315,KSA,M,ALAMRI Abdulaziz,548,548,0,1,2016
788,858,123578,SGP,M,BEH Kun Ting,547,547,0,1,2016
789,859,118697,SVK,M,PAVOLKA Jakub,545,545,0,1,2016
790,861,119317,ARG,M,RIBACK Ignacio,543,543,0,1,2016
0,0,131918,JPN,M,ITAMI Yuhi,791,791,0,1,2016
791,862,121225,ROU,M,LIPAN Teodor,542,542,0,1,2016
792,863,123664,CZE,M,VALENTA Jan,541,541,0,1,2016
793,864,119033,CAN,M,BU Alexander,540,540,0,1,2016
0,0,120640,IRI,M,HAJIEI Arman,794,806,0,1,2016
794,865,124234,RUS,M,BEREZIN Ilya,539,539,0,1,2016
794,865,131286,RUS,M,MOSHKOV Nikita,539,539,0,1,2016
796,852,122276,ESP,M,RUIZ Francisco Miguel,536,552,0,1,2016
796,867,121858,BLR,M,DAUNAROVICH Pavel,536,536,0,1,2016
0,707,122768,KOR,M,LEE Jimyeong,797,797,0,1,2016
0,0,117515,CAM,M,NAY Saravey,797,797,0,1,2016
798,868,116308,CHI,M,MASSARO Enrique,535,535,0,1,2016
799,869,123020,ROU,M,ZAMFIR Mihai,532,532,0,1,2016
800,870,116437,PER,M,RAMOS Alonso,531,531,0,1,2016
801,871,106989,SUD,M,MOHED Osama,527,527,0,1,2016
801,920,117533,ARG,M,TOLOSA Santiago,527,457,0,1,2016
801,871,117937,ANG,M,ANDRE Elizandro,527,527,0,1,2016
801,871,131935,IND,M,SETH Sarthak,527,527,0,1,2016
0,0,106841,USA,M,OAK Niraj,804,804,0,1,2016
0,0,121060,ISR,M,BEN-ARI Aviv,805,805,0,1,2016
805,875,117531,ARG,M,SCHVAB Brian,526,526,0,1,2016
806,877,120093,ROU,M,SINGEORZAN Bogdan,518,518,0,1,2016
806,877,122749,HKG,M,TSANG Tsz Tsun,518,518,0,1,2016
808,879,121546,POR,M,LI Tiago,516,516,0,1,2016
809,880,123637,TUR,M,BASSAN Umut Emre,513,513,0,1,2016
810,882,123017,HUN,M,BOTH Oliver,509,509,0,1,2016
810,882,117843,AZE,M,HASHIMLI Khayal,509,509,0,1,2016
810,882,131128,POL,M,GRELA Artur,509,509,0,1,2016
813,884,131784,FRA,M,CAVAILLE Jules,507,507,0,1,2016
0,0,105897,LAT,M,MASLOVS Leonids,814,814,0,1,2016
814,885,122061,CRO,M,MARTINEK Luka,506,506,0,1,2016
0,0,107611,FIJ,M,WANG Qi,815,815,0,1,2016
815,887,122012,SUI,M,SIMONET Nicolas,505,505,0,1,2016
815,887,122264,SGP,M,LYE Jun Wei Bradley,505,505,0,1,2016
0,0,114750,NZL,M,RAO Roger,816,816,0,1,2016
0,0,122762,KOR,M,LEE Hojun,816,816,0,1,2016
0,0,101031,ALG,M,BELKADI Aissa,817,817,0,1,2016
817,889,131419,POL,M,WITKOWSKI Jakub,502,502,0,1,2016
818,891,131780,ESP,M,JIMENEZ Jorge,497,497,0,1,2016
0,0,124319,USA,M,ZHONG ^^ Zongqi,819,819,0,1,2016
0,696,131412,KOR,M,KIM Woojin,819,819,0,1,2016
819,892,123647,CZE,M,SIWIEC Matej,495,495,0,1,2016
820,893,116709,UAE,M,ALBALOOSHI Abdulla,493,493,0,1,2016
821,896,100196,MDV,M,AHMED Moosa,491,491,0,1,2016
822,898,122003,CRO,M,HRELEC Matija,488,488,0,1,2016
0,693,122546,SGP,M,TAN Lucas,823,823,0,1,2016
823,899,131411,BUL,M,ZAKHARIKOV ^^ Petr,487,487,0,1,2016
823,899,123416,ESP,M,PINTOS Martin,487,487,0,1,2016
825,902,131297,RUS,M,ANOKHIN Ilia,482,482,0,1,2016
826,903,123662,BEL,M,GASPAR Romain,480,480,0,1,2016
827,904,122979,CRO,M,TICA Jakov,479,479,0,1,2016
828,905,122053,TUR,M,SAHIN Zihni,477,477,0,1,2016
0,686,102789,MRI,M,CHAN YOOK FO Brian,829,829,0,1,2016
829,907,124192,GER,M,FADEEV Kirill,476,476,0,1,2016
830,908,122800,JOR,M,KHADER Khaled,475,475,0,1,2016
0,0,108464,NCL,M,SENS Laurent,831,831,0,1,2016
0,0,131949,INA,M,SAPUTRA Hendri,831,831,0,1,2016
831,909,131727,THA,M,VERAKULTAWAN Purit,474,474,0,1,2016
0,0,131845,SUI,M,REBETEZ Yoan,832,832,0,1,2016
832,917,120674,FIN,M,NAUMI Alex,473,465,0,1,2016
833,910,120159,SLO,M,SMALJCELJ Aljaz,472,472,0,1,2016
834,911,120930,THA,M,WATTHANASIRICHAIPORN Suppakorn,471,471,0,1,2016
834,911,124563,TPE,M,CHIU Po-Yen,471,471,0,1,2016
0,681,123053,KOR,M,KANG Jinho,836,836,0,1,2016
836,914,122869,CAN,M,LIU Jason,469,469,0,1,2016
837,0,119169,FIN,M,FLEMMING Veikka,468,459,0,1,2016
838,915,123665,BEL,M,JACQUES Quentin,466,466,0,1,2016
839,917,122451,POL,M,KOTARSKI Maciej,465,465,0,1,2016
0,0,116916,TUN,M,BEN YAHIA Kerem,840,840,0,1,2016
840,918,123542,DEN,M,SVENNINGSEN Peter,462,462,0,1,2016
0,0,116637,CRO,M,MUSTAPIC Josip,841,841,0,1,2016
841,919,131093,ESP,M,GRAU Sergi,459,459,0,1,2016
842,953,118006,GUA,M,CORDERO Camilo,457,382,0,1,2016
843,923,131065,GER,M,HENNIG Sven,451,451,0,1,2016
0,679,131925,KOR,M,LIM Kyuhyun,844,844,0,1,2016
844,924,121992,EGY,M,ELBORHAMY Ahmed,450,450,0,1,2016
845,926,121740,BAR,M,KNIGHT Tyrese,438,438,0,1,2016
846,927,131109,ENG,M,DAI Harry,437,437,0,1,2016
847,928,131676,SUI,M,GIROD Dorian,436,436,0,1,2016
848,929,123905,POL,M,ZANDECKI Jan,435,435,0,1,2016
0,673,131379,JPN,M,KAWAMURA Daiki,849,849,0,1,2016
849,931,124497,CHI,M,FUENZALIDA Sandro,434,434,0,1,2016
0,0,114007,CYP,M,YIANGOU Yiangos,850,850,0,1,2016
850,0,117027,NZL,M,SHU Dean,431,386,0,1,2016
851,934,131786,POR,M,NEVES Joao,428,428,0,1,2016
852,935,131823,ENG,M,CLARK Joseph,427,427,0,1,2016
0,0,121190,USA,M,CHEN ^^ Bowen,853,853,0,1,2016
853,937,123660,BEL,M,COMELIAU David,425,425,0,1,2016
0,0,111281,NCL,M,GILABERT Stephane,854,854,0,1,2016
854,938,131211,NOR,M,HAUG Borgar,422,422,0,1,2016
854,938,131883,ESP,M,FERNANDEZ Adrian,422,422,0,1,2016
856,940,123273,HUN,M,TEREK Norbert,420,420,0,1,2016
857,941,119951,AUS,M,GOULD Benjamin,417,417,0,1,2016
857,0,131428,TUR,M,TOK Bilal Selim,417,424,0,1,2016
857,935,120695,NZL,M,LIN Kevin,417,427,0,1,2016
860,0,116214,GUA,M,ACEVEDO Amilcar,414,422,0,1,2016
860,942,117525,ARG,M,LARA Nicolas,414,414,0,1,2016
0,0,112125,DOM,M,VILA Isaac,861,861,0,1,2016
862,944,121710,SRB,M,MARTINOVIC Niksa,405,405,0,1,2016
0,0,119314,MON,M,TISO ^^ Martin,863,863,0,1,2016
0,0,104704,PYF,M,KLOUMAN Tinihau,863,863,0,1,2016
863,946,121236,USA,M,NIE Derek,402,402,0,1,2016
863,946,131438,DEN,M,JENSEN Anton,402,402,0,1,2016
0,660,120937,THA,M,PANAGITGUN Yanapong,864,864,0,1,2016
865,947,122188,EGY,M,ELHERAZY Gawad,399,399,0,1,2016
0,657,122764,KOR,M,OH Minseo,866,866,0,1,2016
866,0,120673,EST,M,HIISKU Artjom,395,356,0,1,2016
867,948,117653,USA,M,BOCKOVEN Chase,393,393,0,1,2016
0,0,105109,TOG,M,LAWSON-GAIZER Fessou,868,868,0,1,2016
0,0,123300,FRA,M,ROLLAND Jules,868,868,0,1,2016
868,951,132992,FRA,M,LEBRUN Alexis,386,386,0,1,2016
868,951,119932,BAN,M,AHMED Md Javed,386,386,0,1,2016
870,0,114918,HON,M,MUNOZ Guillermo,385,390,0,1,2016
0,654,119944,AUS,M,DHOORIA Rohan,871,871,0,1,2016
871,953,120281,CZE,M,KOLDAS Tomas,382,382,0,1,2016
871,0,131199,LAT,M,CEMIRTANS Andrejs,382,0,0,1,2016
0,0,116814,BLR,M,ZRAZHAVETS Mikalai,872,872,0,1,2016
873,954,119350,COL,M,NUNEZ Wilmer,381,381,0,1,2016
874,955,123923,POL,M,PETAS Kacper,379,379,0,1,2016
875,0,116470,NZL,M,MA Victor,375,396,0,1,2016
0,652,121749,KOR,M,OH Juhyeong,876,876,0,1,2016
876,957,119945,AUS,M,DIXON Xavier,374,374,0,1,2016
877,958,121860,CZE,M,ROZINEK Vojtech,372,372,0,1,2016
878,959,123560,BEL,M,KOSOLOSKY Olav,369,369,0,1,2016
0,0,111729,VEN,M,MEDINA Gerardo,879,879,0,1,2016
879,960,123290,CZE,M,PRUSA David,368,368,0,1,2016
880,961,123050,SVK,M,REHO Rene,365,365,0,1,2016
0,0,114855,CRO,M,ZELJKO Dominik,881,881,0,1,2016
881,962,123680,IND,M,SURAVAJJULA Snehit,360,360,0,1,2016
0,0,113070,MEX,M,LARA Miguel,882,882,0,1,2016
882,965,121435,PUR,M,ECHEVARRIA Sebastian,357,357,0,1,2016
882,965,121077,SUI,M,POSCH Lars,357,357,0,1,2016
0,0,100485,USA,M,ALTO ^ Earl James,883,883,0,1,2016
0,0,124265,USA,M,WHITMEYER Michael,884,884,0,1,2016
0,647,121621,BRA,M,SANTOS Vitor,884,884,0,1,2016
884,966,122037,NED,M,JAGER Collin,353,353,0,1,2016
885,0,131290,RUS,M,KULAKOV Danila,347,283,0,1,2016
886,967,116710,UAE,M,ALMOHAISENI Abdulla,345,345,0,1,2016
887,0,131289,RUS,M,LINEV Pavel,337,307,0,1,2016
887,0,124145,TUR,M,SEKER Ali Can,337,312,0,1,2016
889,970,122642,IRL,M,CATHCART Owen,334,334,0,1,2016
890,971,122051,ITA,M,OYEBODE John,333,333,0,1,2016
890,971,118956,SUI,M,MELLIGER Andrin,333,333,0,1,2016
892,973,117842,AZE,M,HASANOV Hilal,331,331,0,1,2016
893,975,123246,ROU,M,RADOI Marius,329,329,0,1,2016
894,978,123272,HUN,M,BOTH Levente,321,321,0,1,2016
895,979,117893,KAZ,M,ZHAMAL Bekulan,320,320,0,1,2016
896,980,122110,CRO,M,BANEK Mario,316,316,0,1,2016
897,981,124104,PAN,M,GORGONA Alberto,315,315,0,1,2016
898,983,131430,DEN,M,HANSEN Jonathan,299,299,0,1,2016
899,984,122631,BIH,M,MATKOVIC Luka,298,298,0,1,2016
0,0,123077,PRK,M,RI Kwang Myong,900,900,0,1,2016
900,985,120280,SRB,M,GRBIC (1998) Nikola,297,297,0,1,2016
0,0,120339,MAC,M,CHE Long Lam,901,901,0,1,2016
901,986,124592,TPE,M,TAN Chi-Tsang,296,296,0,1,2016
901,996,119649,ESA,M,QUINTANILLA Marcelo,296,264,0,1,2016
903,987,111637,DJI,M,FARAH Abdourazack,290,290,0,1,2016
904,988,131176,DEN,M,ANDERSEN Martin Buch,284,284,0,1,2016
905,989,120570,BLR,M,HENIN Valentin,283,283,0,1,2016
906,990,123339,HUN,M,MOLNAR David,278,278,0,1,2016
0,0,103459,INA,M,HARURI Dahlan,907,907,0,1,2016
907,992,131089,NOR,M,LATE Thomas,271,271,0,1,2016
907,992,123668,CZE,M,CERNOTA Filip,271,271,0,1,2016
0,0,108653,EST,M,SIISPOOL Karli,909,909,0,1,2016
909,993,123829,ESP,M,LILLO Alberto,268,268,0,1,2016
0,0,131919,JPN,M,KIHARA Shohki,910,910,0,1,2016
910,0,121867,RUS,M,TIKHONOV Artem,267,218,0,1,2016
911,994,120742,ALG,M,CHAICHI Abdelbasset,266,266,0,1,2016
911,994,131381,ENG,M,SMITH James,266,266,0,1,2016
913,997,122632,BIH,M,MIHAILOVIC Luka,260,260,0,1,2016
914,998,123568,SWE,M,THIMON Jonathan,259,259,0,1,2016
915,999,120117,RUS,M,KRASKOVSKII Aleksandr,258,258,0,1,2016
916,1000,122080,ITA,M,GUALDI Matteo,249,249,0,1,2016
917,1001,131934,HKG,M,WONG Hon Lam,246,246,0,1,2016
918,0,119168,EST,M,VESTLI Toomas,244,210,0,1,2016
919,1002,121107,QAT,M,AL-HADDAD Mohammed,242,242,0,1,2016
920,1005,122230,SGP,M,ANG Jonas,233,233,0,1,2016
0,629,107335,BUL,M,PETKOV Vladimir,921,921,0,1,2016
0,0,116117,USA,M,WANG Allen,921,921,0,1,2016
921,0,119159,EST,M,PAE Mihkel,218,208,0,1,2016
922,0,123357,EST,M,VALO Rainer,210,135,0,1,2016
922,0,119156,EST,M,OISMETS Aaro,210,200,0,1,2016
0,0,111514,DOM,M,GALVEZ Samuel,923,923,0,1,2016
0,0,111167,TPE,M,YANG Chin-Wen,924,924,0,1,2016
0,627,116143,HKG,M,TANG Hoi Yen,924,924,0,1,2016
924,1006,122986,CRO,M,ZOVKO Lovro,206,206,0,1,2016
925,1007,124578,AUT,M,PROMBERGER Jonas,204,204,0,1,2016
926,1008,121055,BIH,M,SETA Ikbal,203,203,0,1,2016
0,0,123971,KOR,M,CHO Daeseong,927,927,0,1,2016
0,0,113454,VEN,M,BARRETO Danilo,934,934,0,1,2016
0,617,117114,KOR,M,OH Wootaek,938,938,0,1,2016
0,615,132837,FRA,M,AGATHE Cedric,939,939,0,1,2016
0,0,101040,PYF,M,BELROSE Ocean,947,947,0,1,2016
0,0,115461,POL,M,DUGIEL Adrian,953,953,0,1,2016
0,0,116604,MYA,M,LATT Thet Ko Ko,955,955,0,1,2016
0,0,122933,USA,M,REN Ruqin,961,961,0,1,2016
0,598,122207,MRI,M,YOGARAJAH Akhilen,966,966,0,1,2016
0,0,106490,IRL,M,MURPHY John,967,967,0,1,2016
0,0,104005,AZE,M,JAFAROV Ramil,967,967,0,1,2016
0,0,117120,SWE,M,ROOSE Pontus,968,970,0,1,2016
0,0,115079,GRE,M,PAPADAKIS Ioannis,971,971,0,1,2016
0,591,109064,SEY,M,SULTAN Godfrey,971,971,0,1,2016
0,0,115141,PER,M,CHAVEZ Johan,972,972,0,1,2016
0,0,131923,JPN,M,HANAMI Kei,977,977,0,1,2016
0,0,109521,AUS,M,TOWNSEND Wade,979,979,0,1,2016
0,0,116631,POR,M,MALHEIRO Antonio,980,998,0,1,2016
0,0,132016,AUS,M,LIM ^^ Hyunjo,981,981,0,1,2016
0,0,121440,CUB,M,MARTINEZ Livan,981,981,0,1,2016
0,583,113256,ROU,M,POSTOACA Gabriel,982,982,0,1,2016
0,0,122443,THA,M,WONGTHONGKUM Kittitorn,982,982,0,1,2016
0,0,116847,SWE,M,FENG Benny,987,987,0,1,2016
0,0,122940,USA,M,TIO Nicholas,990,990,0,1,2016
0,0,102399,USA,M,DUBINA Samson,996,996,0,1,2016
0,0,112030,BRN,M,SALEH Mohamed,997,997,0,1,2016
0,0,108870,BLR,M,SOPELEU Anton,1001,1001,0,1,2016
0,0,107658,SMR,M,RAGNI ^ Lorenzo,1002,1002,0,1,2016
0,0,103948,AZE,M,ISMAYILOV Farhad,1004,1004,0,1,2016
0,0,122583,USA,M,GUO ^^ Hao,1005,1005,0,1,2016
0,572,131148,CHN,M,XU Yingbin,1009,1009,0,1,2016
0,0,124401,JPN,M,YOKOYAMA Akira,1011,1011,0,1,2016
0,571,132708,KOR,M,NAM Seongbeen,1011,1011,0,1,2016
0,0,112293,EST,M,LIBENE Toomas,1013,1013,0,1,2016
0,0,117662,USA,M,CHODRI Kunal,1013,1013,0,1,2016
0,0,118878,CZE,M,NEMECEK Jakub,1014,1014,0,1,2016
0,0,114874,SRB,M,MAJSTOROVIC Ilija,1021,1021,0,1,2016
0,0,117816,HKG,M,WONG Ka Ho,1022,1022,0,1,2016
0,560,132717,KOR,M,AN Taehyeong,1025,1025,0,1,2016
0,0,131477,CMR,M,NYOH OFON Derek,1030,1030,0,1,2016
0,0,100023,PAK,M,ABBAS Saleem,1031,1031,0,1,2016
0,0,122586,USA,M,ZHANG ^^ Xiangjing,1035,1035,0,1,2016
0,549,123056,KOR,M,LEE Seunghwan,1038,1038,0,1,2016
0,0,111220,LTU,M,VILKAS Matas,1040,1040,0,1,2016
0,0,121711,SRB,M,STRUGAREVIC Nikola,1043,1043,0,1,2016
0,0,121226,USA,M,LIU ^ Dan,1051,1051,0,1,2016
0,0,112966,USA,M,LI Grant,1054,1054,0,1,2016
0,0,116140,HKG,M,HUNG Edwin Chun Hin,1055,1055,0,1,2016
0,0,101039,PYF,M,BELROSE Alize,1058,1058,0,1,2016
0,541,115801,BIH,M,ALICIC Armin,1062,1062,0,1,2016
0,0,117474,MAS,M,FOO Dunley,1065,1065,0,1,2016
0,0,111730,PAR,M,GAVILAN Axel,1069,1069,0,1,2016
0,531,132834,FRA,M,BALAZI Fabrice,1076,1076,0,1,2016
0,529,117920,KOR,M,OH Jeongwon,1081,1081,0,1,2016
0,528,132705,KOR,M,JUNG Moonsoo,1082,1082,0,1,2016
0,0,120775,FRA,M,CHOBEAU Clement,1083,1087,0,1,2016
0,0,116247,CAN,M,PINTEA James,1083,1083,0,1,2016
0,526,132139,CHN,M,GUO Wen,1085,1085,0,1,2016
0,0,112955,ROU,M,SIMION Bogdan,1086,1086,0,1,2016
0,0,118165,FRA,M,PRADELLE Quentin,1093,1093,0,1,2016
0,515,132693,KOR,M,YANG Hyunjae,1102,1102,0,1,2016
0,0,132626,USA,M,NIU ^^ Zicheng,1105,1105,0,1,2016
0,0,113345,SVK,M,SLOVACIK Andrej,1113,1113,0,1,2016
0,0,112674,UKR,M,KIM Petro,1115,1119,0,1,2016
0,0,115393,POR,M,COSTA Jorge,1125,1137,0,1,2016
0,494,109290,MRI,M,TAUCOORY Rhikesh,1126,1126,0,1,2016
0,493,116448,BRA,M,ZAULI Isaac,1129,1129,0,1,2016
0,0,113101,USA,M,LI ^^ Bochao,1145,1145,0,1,2016
0,0,120314,RUS,M,ABUSEV Artur,1146,1150,0,1,2016
0,0,105885,LTU,M,MARTINKUS Valdas,1147,1147,0,1,2016
0,0,103753,USA,M,HUANG Jeff,1149,1149,0,1,2016
0,0,132616,USA,M,TIAN ^^ Ye,1149,1149,0,1,2016
0,471,117355,JPN,M,MIYAZAKI Tomo,1150,1160,0,1,2016
0,480,124220,KOR,M,KIM Yongsin,1151,1151,0,1,2016
0,480,132192,THA,M,TANTAKOOL Tananan,1151,1151,0,1,2016
0,478,131147,CHN,M,PENG Feilong,1152,1152,0,1,2016
0,473,132137,CHN,M,CAO Wei,1154,1154,0,1,2016
0,0,115785,THA,M,PITAKGULSIRI Suchat,1155,1155,0,1,2016
0,0,101493,CHI,M,CARLIER Andres,1160,1160,0,1,2016
0,0,112685,CGO,M,LAWAL Abiodun,1163,1163,0,1,2016
0,0,124320,USA,M,CHEN ^^ Ruichao,1165,1165,0,1,2016
0,465,114711,SVK,M,REZETKA Roman,1169,1169,0,1,2016
0,0,112910,GER,M,FLEMMING Alexander,1170,1170,0,1,2016
0,0,101020,KAZ,M,BEISENOV Samat,1170,1170,0,1,2016
0,0,109026,RUS,M,STULII Maksim,1171,1171,0,1,2016
0,0,101098,PUR,M,BERRIOS Hector,1173,1173,0,1,2016
0,0,117797,AUS,M,YAN ^ Xin,1175,1175,0,1,2016
0,0,119745,KOR,M,CHOI Sungmin,1176,1176,0,1,2016
0,459,121474,MAS,M,LEONG Chee Feng,1178,1178,0,1,2016
0,458,123520,JPN,M,MIKAMI Takahiro,1179,1179,0,1,2016
0,0,115063,SWE,M,BERGLUND Simon,1192,1198,0,1,2016
0,0,100065,QAT,M,ALHAJJAI Waled Nasser,1193,1193,0,1,2016
0,0,113450,PAR,M,TORANZOS Alejandro,1194,1194,0,1,2016
0,0,109389,CAN,M,THERIEN Xavier,1200,1200,0,1,2016
0,0,132518,USA,M,ZHAO ^^ Zi Rui,1203,1203,0,1,2016
0,0,114958,SLO,M,PERSOLJA Ludvik,1206,1206,0,1,2016
0,0,122802,JPN,M,TAKAHASHI Toru,1220,1220,0,1,2016
0,0,113938,ROU,M,DAN Daniel,1225,1225,0,1,2016
0,0,102487,LBN,M,EL BOUBOU Rachid,1229,1229,0,1,2016
0,429,122877,CHN,M,JI Jiale,1231,1231,0,1,2016
0,0,102231,VEN,M,DIAZ Luis,1232,1232,0,1,2016
0,0,119681,KOR,M,KIM Yongho,1237,1237,0,1,2016
0,0,103858,RUS,M,IGOSHIN Ilya,1239,1243,0,1,2016
0,0,120905,KOR,M,KANG Jihoon,1244,1244,0,1,2016
0,0,121607,CHN,M,LI Tianhao,1250,1250,0,1,2016
0,0,123322,RUS,M,ZHUKOV Aleksei,1250,1250,0,1,2016
0,0,102730,AUS,M,FERNANDO Chamara,1253,1253,0,1,2016
0,0,115575,USA,M,LIANG ^^ Yonghui,1255,1255,0,1,2016
0,0,113665,MNE,M,BAKIC Luka,1266,1266,0,1,2016
0,408,114719,ROU,M,SPELBUS Alin,1279,1279,0,1,2016
0,0,103815,JAM,M,HYATT Michael,1280,1280,0,1,2016
0,0,105140,PHI,M,LEDESMA Ting,1285,1285,0,1,2016
0,0,114873,SRB,M,NAD NEMEDI Valentin,1286,1286,0,1,2016
0,0,111287,AUS,M,TOWNSEND Kane,1287,1287,0,1,2016
0,0,114068,ROU,M,MUNTEANU Lucian,1289,1289,0,1,2016
0,0,109771,LAT,M,VASILJEVS Sandijs,1290,1290,0,1,2016
0,0,116838,FRA,M,GIVONE Nolan,1293,1301,0,1,2016
0,0,104620,KOR,M,KIM Sangsoo,1295,1295,0,1,2016
0,0,113325,HUN,M,DO Phuong Nam,1297,1297,0,1,2016
0,0,116826,NGR,M,KAZEEM Makanjuola,1300,1300,0,1,2016
0,394,114476,CZE,M,BENES Michal,1305,1305,0,1,2016
0,0,113342,SVK,M,FIGEL Jakub,1307,1307,0,1,2016
0,0,100915,BLR,M,BARBOLIN Illia,1310,1310,0,1,2016
0,388,100900,BLR,M,BARABANOV Kiryl,1312,1318,0,1,2016
0,0,117356,KOR,M,KIM Minho,1312,1312,0,1,2016
0,0,106095,LUX,M,MICHELY Gilles,1317,1317,0,1,2016
0,0,107279,MON,M,PERETTI ^^ Anthony,1322,1322,0,1,2016
0,0,119038,BLR,M,YARASHENKA Vadim,1323,1323,0,1,2016
0,378,119683,KOR,M,LEE Jangmok,1327,1343,0,1,2016
0,0,108295,DOM,M,SANTOS Emil,1330,1330,0,1,2016
0,0,112195,LUX,M,MUHLBACH ^^ Hermann,1340,1342,0,1,2016
0,0,118948,RUS,M,SHAMIN Ilya,1343,1343,0,1,2016
0,376,118886,JPN,M,MATSUYAMA Yuki,1347,1347,0,1,2016
0,375,131375,JPN,M,TANAKA Yuta,1351,1351,0,1,2016
0,0,115397,SWE,M,HEDLUND Jesper,1353,1357,0,1,2016
0,372,124005,PRK,M,AN Ji Song,1354,1354,0,1,2016
0,0,112176,BRA,M,TOMA Danilo,1358,1358,0,1,2016
0,0,120883,CRO,M,HUZJAK Josip,1369,1369,0,1,2016
0,0,110246,USA,M,XIAO Han,1370,1370,0,1,2016
0,0,112371,RUS,M,KUIMOV Philipp,1374,1380,0,1,2016
0,0,111841,RUS,M,PANCHENKO Artem,1374,1374,0,1,2016
0,0,119693,KOR,M,PARK Shinwoo,1379,1379,0,1,2016
0,359,115958,FRA,M,BRETON Arthur,1389,1389,0,1,2016
0,0,106062,RUS,M,MERZLIKIN Taras,1414,1418,0,1,2016
0,0,121256,USA,M,WANG ^^ Qingliang,1416,1416,0,1,2016
0,0,120133,LBN,M,CHEAIB Dauud,1419,1419,0,1,2016
0,346,121609,CHN,M,CHEN Peng,1422,1422,0,1,2016
0,0,113130,RUS,M,MUTYGULLIN Ramil,1432,1442,0,1,2016
0,0,101831,BLR,M,CHUMAKOU Dmitry,1433,1433,0,1,2016
0,330,115548,HKG,M,LI Hon Ming,1440,1452,0,1,2016
0,0,121222,USA,M,LIANG ^ Jishan,1443,1443,0,1,2016
0,0,106244,SUI,M,MOHLER Nicola,1443,1443,0,1,2016
0,0,102578,SWE,M,ERICSON Gustaf,1445,1445,0,1,2016
0,0,132517,USA,M,ZHAO ^^ Gaoxiang,1446,1446,0,1,2016
0,0,122236,JPN,M,HIRANO Kosei,1447,1447,0,1,2016
0,0,114182,AUS,M,HAN Justin,1448,1448,0,1,2016
0,324,117900,SGP,M,YIN Jing Yuan,1454,1466,0,1,2016
0,0,117916,TPE,M,LEE Chun-Lin,1457,1457,0,1,2016
0,0,113446,MNE,M,CEKIC Irfan,1464,1464,0,1,2016
0,0,117917,TPE,M,WEN Wei-Chieh,1488,1488,0,1,2016
0,0,119677,KOR,M,KIM Doyub,1488,1488,0,1,2016
0,0,123226,CHN,M,ZHANG Bohan,1491,1491,0,1,2016
0,0,115578,CHN,M,LAI Jiaxin,1493,1493,0,1,2016
0,0,124397,USA,M,CHEN ^^ Baiyu,1494,1494,0,1,2016
0,0,108471,KOR,M,SEO Junghwa,1496,1496,0,1,2016
0,0,115161,ARG,M,TENTI Fermin,1498,1506,0,1,2016
0,0,110768,CYP,M,YIANGOU Marios,1499,1499,0,1,2016
0,304,117354,JPN,M,KAKITSUKA Masato,1502,1502,0,1,2016
0,0,110471,RUS,M,ZAIKIN Alan,1510,1518,0,1,2016
0,0,107697,GUA,M,RAMIREZ Jose Miguel,1511,1511,0,1,2016
0,0,104302,UKR,M,KALACHEVSKYI Denys,1514,1514,0,1,2016
0,296,111829,SRB,M,SUBOTIC Dragan,1519,1519,0,1,2016
0,292,111827,SRB,M,CREPULJA Bojan,1522,1522,0,1,2016
0,0,117340,USA,M,TAO ^^ Wenzhang,1522,1522,0,1,2016
0,292,111126,TPE,M,CHANG Shun-Hung,1522,1522,0,1,2016
0,0,110048,GER,M,WEHKING Lennart,1523,1523,0,1,2016
0,0,101738,HKG,M,CHIU Chung Hei,1532,1532,0,1,2016
0,0,114030,CRO,M,SIMOVIC Miho,1533,1533,0,1,2016
0,0,116178,KOR,M,KANG Minho,1536,1536,0,1,2016
0,0,122584,USA,M,YUAN ^^ Xiaojie,1543,1543,0,1,2016
0,0,112451,CRO,M,CIPIN Filip,1560,1560,0,1,2016
0,0,108758,SLO,M,SLATINSEK Uros,1562,1562,0,1,2016
0,0,132583,POL,M,HAN ^^ Chuanxi,1564,1564,0,1,2016
0,0,111015,BEL,M,INDEHERBERG Julien,1567,1567,0,1,2016
0,0,107738,DEN,M,RASMUSSEN Morten,1572,1582,0,1,2016
0,0,112121,CUB,M,CAMPOS Jorge,1576,1576,0,1,2016
0,0,124108,CHN,M,CHEN Xin,1577,1577,0,1,2016
0,0,113844,JPN,M,MORIMOTO Kohei,1578,1578,0,1,2016
0,0,107769,CRO,M,REDJEP Ronald,1579,1579,0,1,2016
0,277,119736,CHN,M,WANG ^^ Zhixu,1583,1583,0,1,2016
0,0,104859,CRO,M,KOVAC Borna,1585,1585,0,1,2016
0,265,115544,HKG,M,HUNG Ka Tak,1586,1602,0,1,2016
0,275,104690,CZE,M,KLEPRLIK Jakub,1586,1586,0,1,2016
0,0,114485,KOR,M,CHEON Minhyuck,1587,1587,0,1,2016
0,0,108066,SCO,M,RUMGAY Gavin,1595,1603,0,1,2016
0,0,103875,SVK,M,ILLAS Erik,1596,1596,0,1,2016
0,0,121492,TPE,M,WANG Tai-Wei,1602,1614,0,1,2016
0,265,119735,CHN,M,SONG Xu,1602,1602,0,1,2016
0,0,103151,POL,M,GOLEBIOWSKI Mateusz,1619,1619,0,1,2016
0,258,123845,JPN,M,WATANABE Yusuke,1626,1626,0,1,2016
0,0,123846,JPN,M,KORIYAMA Hokuto,1631,1631,0,1,2016
0,0,114114,JPN,M,FUJIMOTO Kaito,1637,1637,0,1,2016
0,0,106194,JPN,M,MIZUNO Yuya,1645,1645,0,1,2016
0,0,119729,CHN,M,FANG Yinchi,1661,1661,0,1,2016
0,0,105116,FRA,M,LE BRETON Thomas,1664,1664,0,1,2016
0,247,117887,CHN,M,ZHU Linfeng,1664,1664,0,1,2016
0,0,132656,USA,M,ZHENG ^^ Pu,1669,1669,0,1,2016
0,0,107570,UKR,M,PRYSHCHEPA Yevhen,1676,1676,0,1,2016
0,0,110728,JPN,M,MIUCHI Kentaro,1695,1695,0,1,2016
0,0,106625,BLR,M,NEKHVEDOVICH Vitaly,1696,1696,0,1,2016
0,0,104725,KOR,M,KO Junhyung,1697,1697,0,1,2016
0,0,104905,RUS,M,KRIVOSHEEV Viacheslav,1698,1698,0,1,2016
0,0,110650,CRO,M,ZUBCIC Tomislav,1699,1699,0,1,2016
0,0,108667,POR,M,SILVA Andre,1717,1717,0,1,2016
0,0,132093,JPN,M,SAKANE Shodai,1769,1769,0,1,2016
0,209,107506,BUL,M,POPOV Kiril,1775,1775,0,1,2016
0,198,106848,CZE,M,OBESLO Michal,1805,1805,0,1,2016
0,197,112600,TPE,M,HUNG Tzu-Hsiang,1806,1806,0,1,2016
0,0,132584,USA,M,LI ^^ Yanhao,1807,1807,0,1,2016
0,195,117357,KOR,M,LIM Jonghoon,1812,1812,0,1,2016
0,0,107272,CUB,M,PEREIRA Andy,1822,1822,0,1,2016
0,0,119543,JPN,M,RYUZAKI Tonin,1831,1831,0,1,2016
0,0,113340,JPN,M,TAZOE Kenta,1833,1841,0,1,2016
0,179,123962,JPN,M,YOSHIMURA Kazuhiro,1839,1851,0,1,2016
0,0,102736,POL,M,FERTIKOWSKI Pawel,1851,1851,0,1,2016
0,0,132632,JPN,M,AIDA Satoshi,1878,1878,0,1,2016
0,0,117346,CHN,M,LYU Xiang,1878,1898,0,1,2016
0,0,109510,CRO,M,TOSIC Roko,1893,1893,0,1,2016
0,158,110209,TPE,M,WU Chih-Chi,1897,1897,0,1,2016
0,0,101393,LAT,M,BURGIS Matiss,1950,1950,0,1,2016
0,0,107043,JPN,M,OYA Hidetoshi,1971,1971,0,1,2016
0,0,103555,AUS,M,HENZELL William,1982,1982,0,1,2016
0,0,120845,KOR,M,KANG Dongsoo,2002,2002,0,1,2016
0,0,110730,JPN,M,UEDA Jin,2053,2053,0,1,2016
0,101,114455,JPN,M,CHAN Kazuhiro,2068,2068,0,1,2016
0,0,111884,KOR,M,SEO Hyundeok,2080,2080,0,1,2016
0,86,111826,JPN,M,MACHI Asuka,2108,2108,0,1,2016
0,0,132547,USA,M,WANG ^ Jinxin,2141,2141,0,1,2016
0,0,115909,CHN,M,LIU Yi,2153,2153,0,1,2016
0,0,111595,KOR,M,JEONG Sangeun,2194,2194,0,1,2016
0,0,101648,TPE,M,CHEN Chien-An,2199,2199,0,1,2016
0,0,116408,CHN,M,SHANG Kun,2222,2222,0,1,2016
0,7,101222,GER,M,BOLL Timo,2721,2721,0,1,2016